city,type,temperature,humidity,pressure,wind_speed,timestamp,rain_probability
Colombo,current,27.94,76,1010,2.03,2026-03-28 17:24:13.099810,
Colombo,forecast,28.99,76,1009,1.39,2026-03-28 23:30:00.000000,0.96
Colombo,forecast,28.45,77,1008,2.31,2026-03-29 02:30:00.000000,0.46
Colombo,forecast,27.91,77,1008,2.64,2026-03-29 05:30:00.000000,0.32
Colombo,forecast,28.36,72,1010,1.4,2026-03-29 08:30:00.000000,0.0
Colombo,forecast,30.0,61,1010,2.96,2026-03-29 11:30:00.000000,0.0
Colombo,forecast,30.02,66,1007,6.8,2026-03-29 14:30:00.000000,0.0
Colombo,forecast,28.9,72,1007,4.3,2026-03-29 17:30:00.000000,0.02
Colombo,forecast,27.83,79,1009,3.79,2026-03-29 20:30:00.000000,0.51
Colombo,forecast,27.11,81,1010,3.1,2026-03-29 23:30:00.000000,1.0
Colombo,forecast,26.9,81,1007,1.13,2026-03-30 02:30:00.000000,0.72
Colombo,forecast,26.23,84,1008,1.88,2026-03-30 05:30:00.000000,0.61
Colombo,forecast,27.16,82,1011,2.59,2026-03-30 08:30:00.000000,0.39
Colombo,forecast,29.28,73,1010,3.13,2026-03-30 11:30:00.000000,0.04
Colombo,forecast,29.52,72,1007,6.84,2026-03-30 14:30:00.000000,0.0
Colombo,forecast,28.98,73,1008,4.52,2026-03-30 17:30:00.000000,0.01
Colombo,forecast,28.08,77,1010,4.65,2026-03-30 20:30:00.000000,0.67
Colombo,forecast,27.14,81,1011,2.66,2026-03-30 23:30:00.000000,1.0
Colombo,forecast,26.76,81,1008,2.54,2026-03-31 02:30:00.000000,0.85
Colombo,forecast,26.01,85,1009,2.43,2026-03-31 05:30:00.000000,0.68
Colombo,forecast,26.86,81,1011,1.84,2026-03-31 08:30:00.000000,0.19
Colombo,forecast,29.06,72,1010,2.33,2026-03-31 11:30:00.000000,0.0
Colombo,forecast,29.12,71,1007,5.66,2026-03-31 14:30:00.000000,0.0
Colombo,forecast,29.12,70,1007,4.34,2026-03-31 17:30:00.000000,0.0
Colombo,forecast,28.25,73,1009,3.49,2026-03-31 20:30:00.000000,0.0
Colombo,forecast,27.25,77,1010,3.07,2026-03-31 23:30:00.000000,0.81
Colombo,forecast,26.49,80,1008,3.04,2026-04-01 02:30:00.000000,0.98
Colombo,forecast,26.17,81,1009,3.37,2026-04-01 05:30:00.000000,0.92
Colombo,forecast,27.71,73,1011,2.24,2026-04-01 08:30:00.000000,0.64
Colombo,forecast,29.55,68,1010,3.58,2026-04-01 11:30:00.000000,0.43
Colombo,forecast,29.16,69,1007,5.88,2026-04-01 14:30:00.000000,0.0
Colombo,forecast,28.65,72,1007,4.49,2026-04-01 17:30:00.000000,0.05
Colombo,forecast,27.51,78,1010,4.18,2026-04-01 20:30:00.000000,0.97
Colombo,forecast,26.95,81,1010,4.69,2026-04-01 23:30:00.000000,1.0
Colombo,forecast,26.13,83,1008,3.94,2026-04-02 02:30:00.000000,0.77
Colombo,forecast,25.75,80,1009,3.08,2026-04-02 05:30:00.000000,0.65
Colombo,forecast,26.96,70,1011,2.8,2026-04-02 08:30:00.000000,0.0
Colombo,forecast,29.28,63,1010,2.88,2026-04-02 11:30:00.000000,0.0
Colombo,forecast,28.93,65,1008,4.87,2026-04-02 14:30:00.000000,0.0
Colombo,forecast,28.82,61,1008,3.9,2026-04-02 17:30:00.000000,0.0
Colombo,forecast,28.09,62,1011,4.88,2026-04-02 20:30:00.000000,0.0
Gampaha,current,28.95,84,1010,1.54,2026-03-28 17:24:14.599797,
Gampaha,forecast,25.25,88,1010,0.96,2026-03-28 23:30:00.000000,0.99
Gampaha,forecast,25.05,89,1009,1.51,2026-03-29 02:30:00.000000,0.03
Gampaha,forecast,24.34,92,1009,1.9,2026-03-29 05:30:00.000000,0.0
Gampaha,forecast,28.39,74,1010,1.59,2026-03-29 08:30:00.000000,0.0
Gampaha,forecast,33.29,50,1009,3.01,2026-03-29 11:30:00.000000,0.2
Gampaha,forecast,32.74,49,1006,5.04,2026-03-29 14:30:00.000000,0.0
Gampaha,forecast,29.42,66,1007,3.55,2026-03-29 17:30:00.000000,0.0
Gampaha,forecast,25.1,88,1009,1.73,2026-03-29 20:30:00.000000,1.0
Gampaha,forecast,24.31,93,1010,1.63,2026-03-29 23:30:00.000000,1.0
Gampaha,forecast,23.91,95,1008,1.03,2026-03-30 02:30:00.000000,0.45
Gampaha,forecast,23.47,96,1008,1.54,2026-03-30 05:30:00.000000,0.27
Gampaha,forecast,28.0,77,1011,1.41,2026-03-30 08:30:00.000000,0.0
Gampaha,forecast,34.06,49,1010,2.58,2026-03-30 11:30:00.000000,0.0
Gampaha,forecast,32.02,58,1007,5.6,2026-03-30 14:30:00.000000,0.0
Gampaha,forecast,29.45,68,1008,3.59,2026-03-30 17:30:00.000000,0.1
Gampaha,forecast,25.31,88,1010,2.33,2026-03-30 20:30:00.000000,1.0
Gampaha,forecast,24.51,92,1011,1.7,2026-03-30 23:30:00.000000,1.0
Gampaha,forecast,23.92,95,1008,1.55,2026-03-31 02:30:00.000000,0.36
Gampaha,forecast,23.45,95,1009,1.45,2026-03-31 05:30:00.000000,0.18
Gampaha,forecast,27.07,79,1011,1.25,2026-03-31 08:30:00.000000,0.0
Gampaha,forecast,33.75,49,1010,1.79,2026-03-31 11:30:00.000000,0.0
Gampaha,forecast,32.09,56,1007,5.66,2026-03-31 14:30:00.000000,0.0
Gampaha,forecast,29.36,65,1007,3.05,2026-03-31 17:30:00.000000,0.01
Gampaha,forecast,26.21,81,1010,1.3,2026-03-31 20:30:00.000000,0.0
Gampaha,forecast,25.12,85,1010,1.74,2026-03-31 23:30:00.000000,0.59
Gampaha,forecast,24.17,89,1008,1.71,2026-04-01 02:30:00.000000,0.71
Gampaha,forecast,23.59,90,1009,1.71,2026-04-01 05:30:00.000000,0.57
Gampaha,forecast,28.73,67,1011,1.02,2026-04-01 08:30:00.000000,0.13
Gampaha,forecast,34.5,46,1009,2.35,2026-04-01 11:30:00.000000,0.0
Gampaha,forecast,31.75,56,1006,5.38,2026-04-01 14:30:00.000000,0.0
Gampaha,forecast,28.64,69,1007,3.53,2026-04-01 17:30:00.000000,0.37
Gampaha,forecast,25.53,85,1010,1.51,2026-04-01 20:30:00.000000,0.87
Gampaha,forecast,25.0,89,1010,1.66,2026-04-01 23:30:00.000000,1.0
Gampaha,forecast,24.17,92,1008,1.65,2026-04-02 02:30:00.000000,0.48
Gampaha,forecast,23.68,90,1009,1.51,2026-04-02 05:30:00.000000,0.38
Gampaha,forecast,27.85,69,1011,1.21,2026-04-02 08:30:00.000000,0.0
Gampaha,forecast,34.02,48,1010,1.94,2026-04-02 11:30:00.000000,0.0
Gampaha,forecast,31.55,56,1008,5.08,2026-04-02 14:30:00.000000,0.0
Gampaha,forecast,29.15,62,1008,3.14,2026-04-02 17:30:00.000000,0.0
Gampaha,forecast,25.7,69,1011,1.66,2026-04-02 20:30:00.000000,0.0
Kalutara,current,26.87,81,1010,2.66,2026-03-28 17:24:16.184432,
Kalutara,forecast,26.82,81,1010,1.31,2026-03-28 23:30:00.000000,1.0
Kalutara,forecast,26.74,82,1009,1.3,2026-03-29 02:30:00.000000,0.57
Kalutara,forecast,26.49,82,1009,1.05,2026-03-29 05:30:00.000000,0.6
Kalutara,forecast,28.22,74,1010,0.96,2026-03-29 08:30:00.000000,0.0
Kalutara,forecast,30.37,62,1010,2.89,2026-03-29 11:30:00.000000,0.23
Kalutara,forecast,29.56,68,1007,5.54,2026-03-29 14:30:00.000000,0.69
Kalutara,forecast,28.49,74,1007,3.84,2026-03-29 17:30:00.000000,0.55
Kalutara,forecast,27.2,81,1009,3.11,2026-03-29 20:30:00.000000,0.43
Kalutara,forecast,26.38,83,1010,0.89,2026-03-29 23:30:00.000000,1.0
Kalutara,forecast,26.12,84,1007,0.23,2026-03-30 02:30:00.000000,0.0
Kalutara,forecast,25.39,88,1008,0.92,2026-03-30 05:30:00.000000,0.21
Kalutara,forecast,27.7,78,1011,1.3,2026-03-30 08:30:00.000000,0.01
Kalutara,forecast,30.08,66,1010,3.02,2026-03-30 11:30:00.000000,0.0
Kalutara,forecast,30.04,67,1008,5.57,2026-03-30 14:30:00.000000,0.27
Kalutara,forecast,28.98,70,1008,3.45,2026-03-30 17:30:00.000000,0.28
Kalutara,forecast,26.97,80,1011,3.26,2026-03-30 20:30:00.000000,0.91
Kalutara,forecast,26.53,83,1011,1.68,2026-03-30 23:30:00.000000,0.96
Kalutara,forecast,25.89,84,1008,1.52,2026-03-31 02:30:00.000000,0.73
Kalutara,forecast,25.4,87,1009,1.77,2026-03-31 05:30:00.000000,0.48
Kalutara,forecast,27.15,80,1011,1.52,2026-03-31 08:30:00.000000,0.0
Kalutara,forecast,29.94,66,1010,2.34,2026-03-31 11:30:00.000000,0.0
Kalutara,forecast,29.65,67,1007,5.11,2026-03-31 14:30:00.000000,0.0
Kalutara,forecast,29.2,67,1007,3.4,2026-03-31 17:30:00.000000,0.09
Kalutara,forecast,27.63,74,1009,2.62,2026-03-31 20:30:00.000000,0.02
Kalutara,forecast,26.58,80,1010,2.44,2026-03-31 23:30:00.000000,0.68
Kalutara,forecast,25.77,83,1008,2.41,2026-04-01 02:30:00.000000,0.58
Kalutara,forecast,25.42,83,1009,2.18,2026-04-01 05:30:00.000000,0.57
Kalutara,forecast,27.94,71,1011,2.06,2026-04-01 08:30:00.000000,0.1
Kalutara,forecast,30.5,62,1010,3.5,2026-04-01 11:30:00.000000,0.03
Kalutara,forecast,29.99,66,1007,5.17,2026-04-01 14:30:00.000000,0.0
Kalutara,forecast,27.61,77,1007,4.03,2026-04-01 17:30:00.000000,0.5
Kalutara,forecast,26.42,84,1010,4.01,2026-04-01 20:30:00.000000,1.0
Kalutara,forecast,25.97,85,1010,3.93,2026-04-01 23:30:00.000000,1.0
Kalutara,forecast,25.29,85,1008,2.89,2026-04-02 02:30:00.000000,0.32
Kalutara,forecast,24.62,83,1009,2.98,2026-04-02 05:30:00.000000,0.0
Kalutara,forecast,26.6,70,1011,2.91,2026-04-02 08:30:00.000000,0.0
Kalutara,forecast,31.33,51,1010,1.58,2026-04-02 11:30:00.000000,0.0
Kalutara,forecast,30.01,57,1008,6.61,2026-04-02 14:30:00.000000,0.0
Kalutara,forecast,28.75,57,1008,4.66,2026-04-02 17:30:00.000000,0.0
Kalutara,forecast,26.71,64,1011,4.39,2026-04-02 20:30:00.000000,0.0
Kandy,current,21.4,94,1012,0.28,2026-03-28 17:24:17.520257,
Kandy,forecast,21.14,96,1012,0.69,2026-03-28 23:30:00.000000,0.75
Kandy,forecast,20.97,96,1011,0.86,2026-03-29 02:30:00.000000,0.0
Kandy,forecast,20.47,95,1011,1.06,2026-03-29 05:30:00.000000,0.0
Kandy,forecast,25.72,73,1012,0.48,2026-03-29 08:30:00.000000,0.0
Kandy,forecast,32.62,40,1010,1.12,2026-03-29 11:30:00.000000,0.0
Kandy,forecast,34.17,31,1006,1.54,2026-03-29 14:30:00.000000,0.0
Kandy,forecast,27.32,63,1007,0.9,2026-03-29 17:30:00.000000,0.24
Kandy,forecast,22.01,91,1011,0.59,2026-03-29 20:30:00.000000,0.43
Kandy,forecast,21.06,94,1011,1.0,2026-03-29 23:30:00.000000,0.28
Kandy,forecast,20.33,95,1009,0.87,2026-03-30 02:30:00.000000,0.0
Kandy,forecast,19.9,95,1010,1.1,2026-03-30 05:30:00.000000,0.0
Kandy,forecast,26.44,67,1012,0.04,2026-03-30 08:30:00.000000,0.0
Kandy,forecast,32.7,33,1011,0.58,2026-03-30 11:30:00.000000,0.0
Kandy,forecast,33.74,28,1007,1.06,2026-03-30 14:30:00.000000,0.0
Kandy,forecast,25.34,68,1009,1.0,2026-03-30 17:30:00.000000,0.75
Kandy,forecast,21.51,90,1012,0.54,2026-03-30 20:30:00.000000,0.69
Kandy,forecast,20.99,96,1012,0.95,2026-03-30 23:30:00.000000,0.44
Kandy,forecast,20.34,96,1010,0.95,2026-03-31 02:30:00.000000,0.0
Kandy,forecast,19.89,95,1011,1.48,2026-03-31 05:30:00.000000,0.0
Kandy,forecast,25.68,71,1013,0.64,2026-03-31 08:30:00.000000,0.0
Kandy,forecast,32.36,38,1011,0.64,2026-03-31 11:30:00.000000,0.0
Kandy,forecast,33.63,32,1007,0.7,2026-03-31 14:30:00.000000,0.0
Kandy,forecast,25.49,63,1008,0.29,2026-03-31 17:30:00.000000,0.3
Kandy,forecast,22.28,86,1011,0.77,2026-03-31 20:30:00.000000,0.62
Kandy,forecast,21.41,95,1012,0.4,2026-03-31 23:30:00.000000,0.56
Kandy,forecast,20.71,97,1010,1.08,2026-04-01 02:30:00.000000,0.0
Kandy,forecast,19.96,95,1011,1.21,2026-04-01 05:30:00.000000,0.0
Kandy,forecast,25.8,70,1012,0.93,2026-04-01 08:30:00.000000,0.0
Kandy,forecast,32.06,36,1010,0.78,2026-04-01 11:30:00.000000,0.0
Kandy,forecast,33.34,31,1007,1.12,2026-04-01 14:30:00.000000,0.0
Kandy,forecast,25.35,64,1008,0.5,2026-04-01 17:30:00.000000,0.39
Kandy,forecast,21.67,89,1012,0.48,2026-04-01 20:30:00.000000,0.87
Kandy,forecast,21.53,91,1012,0.77,2026-04-01 23:30:00.000000,0.76
Kandy,forecast,21.66,89,1010,1.04,2026-04-02 02:30:00.000000,0.0
Kandy,forecast,19.9,93,1011,1.28,2026-04-02 05:30:00.000000,0.0
Kandy,forecast,26.15,66,1012,0.71,2026-04-02 08:30:00.000000,0.0
Kandy,forecast,32.28,35,1011,0.96,2026-04-02 11:30:00.000000,0.0
Kandy,forecast,33.61,31,1008,0.64,2026-04-02 14:30:00.000000,0.0
Kandy,forecast,25.59,67,1009,0.95,2026-04-02 17:30:00.000000,0.2
Kandy,forecast,22.05,95,1012,0.92,2026-04-02 20:30:00.000000,0.91
Matale,current,19.48,97,1012,0.78,2026-03-28 17:24:19.041952,
Matale,forecast,19.47,97,1011,0.94,2026-03-28 23:30:00.000000,0.8
Matale,forecast,19.35,97,1010,1.13,2026-03-29 02:30:00.000000,0.0
Matale,forecast,18.93,98,1010,1.16,2026-03-29 05:30:00.000000,0.0
Matale,forecast,24.43,73,1012,0.28,2026-03-29 08:30:00.000000,0.0
Matale,forecast,31.36,39,1010,1.48,2026-03-29 11:30:00.000000,0.0
Matale,forecast,33.22,28,1006,1.95,2026-03-29 14:30:00.000000,0.0
Matale,forecast,26.13,61,1007,2.11,2026-03-29 17:30:00.000000,0.2
Matale,forecast,20.7,92,1011,0.17,2026-03-29 20:30:00.000000,0.94
Matale,forecast,19.76,97,1011,0.78,2026-03-29 23:30:00.000000,0.76
Matale,forecast,19.02,98,1009,0.96,2026-03-30 02:30:00.000000,0.0
Matale,forecast,18.43,97,1010,1.04,2026-03-30 05:30:00.000000,0.0
Matale,forecast,24.74,70,1012,0.1,2026-03-30 08:30:00.000000,0.0
Matale,forecast,31.93,33,1010,1.18,2026-03-30 11:30:00.000000,0.0
Matale,forecast,33.11,27,1007,1.5,2026-03-30 14:30:00.000000,0.0
Matale,forecast,24.6,67,1008,1.91,2026-03-30 17:30:00.000000,0.75
Matale,forecast,20.33,91,1012,0.45,2026-03-30 20:30:00.000000,0.86
Matale,forecast,19.97,96,1012,0.69,2026-03-30 23:30:00.000000,0.64
Matale,forecast,19.12,98,1010,0.89,2026-03-31 02:30:00.000000,0.0
Matale,forecast,18.67,97,1010,1.15,2026-03-31 05:30:00.000000,0.0
Matale,forecast,24.41,72,1012,0.36,2026-03-31 08:30:00.000000,0.0
Matale,forecast,31.26,38,1010,1.53,2026-03-31 11:30:00.000000,0.0
Matale,forecast,32.48,30,1007,2.03,2026-03-31 14:30:00.000000,0.0
Matale,forecast,26.15,57,1008,1.13,2026-03-31 17:30:00.000000,0.0
Matale,forecast,20.78,89,1011,0.6,2026-03-31 20:30:00.000000,0.94
Matale,forecast,20.05,96,1012,0.61,2026-03-31 23:30:00.000000,0.83
Matale,forecast,19.16,98,1010,0.95,2026-04-01 02:30:00.000000,0.0
Matale,forecast,18.57,98,1011,0.82,2026-04-01 05:30:00.000000,0.0
Matale,forecast,24.59,72,1012,0.76,2026-04-01 08:30:00.000000,0.0
Matale,forecast,31.2,35,1010,1.49,2026-04-01 11:30:00.000000,0.0
Matale,forecast,32.56,28,1006,2.01,2026-04-01 14:30:00.000000,0.0
Matale,forecast,25.59,58,1008,1.33,2026-04-01 17:30:00.000000,0.0
Matale,forecast,20.42,91,1011,0.37,2026-04-01 20:30:00.000000,0.88
Matale,forecast,19.73,94,1012,0.84,2026-04-01 23:30:00.000000,0.75
Matale,forecast,19.68,93,1010,0.98,2026-04-02 02:30:00.000000,0.0
Matale,forecast,18.68,95,1010,0.9,2026-04-02 05:30:00.000000,0.0
Matale,forecast,24.64,68,1012,0.7,2026-04-02 08:30:00.000000,0.0
Matale,forecast,31.31,34,1011,1.63,2026-04-02 11:30:00.000000,0.0
Matale,forecast,32.7,29,1007,1.67,2026-04-02 14:30:00.000000,0.0
Matale,forecast,25.67,58,1009,1.5,2026-04-02 17:30:00.000000,0.0
Matale,forecast,21.15,91,1012,0.74,2026-04-02 20:30:00.000000,1.0
Nuwara Eliya,current,12.25,97,1014,0.53,2026-03-28 17:24:20.589177,
Nuwara Eliya,forecast,12.55,95,1014,0.26,2026-03-28 23:30:00.000000,0.01
Nuwara Eliya,forecast,12.31,93,1013,1.01,2026-03-29 02:30:00.000000,0.0
Nuwara Eliya,forecast,12.03,88,1013,1.36,2026-03-29 05:30:00.000000,0.0
Nuwara Eliya,forecast,17.37,64,1014,1.16,2026-03-29 08:30:00.000000,0.0
Nuwara Eliya,forecast,21.08,49,1012,2.26,2026-03-29 11:30:00.000000,0.0
Nuwara Eliya,forecast,21.92,42,1009,2.19,2026-03-29 14:30:00.000000,0.46
Nuwara Eliya,forecast,16.99,66,1010,1.53,2026-03-29 17:30:00.000000,0.59
Nuwara Eliya,forecast,12.32,89,1013,0.87,2026-03-29 20:30:00.000000,0.03
Nuwara Eliya,forecast,11.66,92,1014,0.8,2026-03-29 23:30:00.000000,0.0
Nuwara Eliya,forecast,11.17,93,1011,0.47,2026-03-30 02:30:00.000000,0.0
Nuwara Eliya,forecast,10.51,84,1013,1.17,2026-03-30 05:30:00.000000,0.0
Nuwara Eliya,forecast,17.46,54,1014,0.92,2026-03-30 08:30:00.000000,0.0
Nuwara Eliya,forecast,21.61,39,1013,1.9,2026-03-30 11:30:00.000000,0.0
Nuwara Eliya,forecast,21.79,43,1010,1.33,2026-03-30 14:30:00.000000,0.2
Nuwara Eliya,forecast,17.85,65,1011,1.25,2026-03-30 17:30:00.000000,0.62
Nuwara Eliya,forecast,12.46,87,1015,0.29,2026-03-30 20:30:00.000000,0.3
Nuwara Eliya,forecast,11.5,93,1015,1.03,2026-03-30 23:30:00.000000,0.04
Nuwara Eliya,forecast,10.96,93,1012,0.71,2026-03-31 02:30:00.000000,0.0
Nuwara Eliya,forecast,10.65,90,1013,0.74,2026-03-31 05:30:00.000000,0.0
Nuwara Eliya,forecast,16.8,63,1014,0.91,2026-03-31 08:30:00.000000,0.0
Nuwara Eliya,forecast,21.09,45,1013,2.02,2026-03-31 11:30:00.000000,0.0
Nuwara Eliya,forecast,21.49,44,1010,1.42,2026-03-31 14:30:00.000000,0.24
Nuwara Eliya,forecast,16.94,67,1011,1.13,2026-03-31 17:30:00.000000,0.58
Nuwara Eliya,forecast,12.38,86,1014,0.59,2026-03-31 20:30:00.000000,0.32
Nuwara Eliya,forecast,11.4,92,1015,0.4,2026-03-31 23:30:00.000000,0.0
Nuwara Eliya,forecast,10.5,92,1012,0.66,2026-04-01 02:30:00.000000,0.0
Nuwara Eliya,forecast,10.1,90,1013,0.67,2026-04-01 05:30:00.000000,0.0
Nuwara Eliya,forecast,16.75,60,1014,1.31,2026-04-01 08:30:00.000000,0.0
Nuwara Eliya,forecast,21.14,41,1012,2.08,2026-04-01 11:30:00.000000,0.0
Nuwara Eliya,forecast,21.44,43,1010,1.51,2026-04-01 14:30:00.000000,0.0
Nuwara Eliya,forecast,16.35,69,1011,0.94,2026-04-01 17:30:00.000000,0.35
Nuwara Eliya,forecast,11.78,89,1014,0.44,2026-04-01 20:30:00.000000,0.26
Nuwara Eliya,forecast,11.64,92,1014,0.37,2026-04-01 23:30:00.000000,0.08
Nuwara Eliya,forecast,10.89,92,1013,0.28,2026-04-02 02:30:00.000000,0.0
Nuwara Eliya,forecast,10.58,87,1013,1.19,2026-04-02 05:30:00.000000,0.0
Nuwara Eliya,forecast,17.2,56,1014,0.9,2026-04-02 08:30:00.000000,0.0
Nuwara Eliya,forecast,22.28,35,1013,1.73,2026-04-02 11:30:00.000000,0.0
Nuwara Eliya,forecast,21.42,41,1011,0.74,2026-04-02 14:30:00.000000,0.0
Nuwara Eliya,forecast,16.88,68,1012,0.43,2026-04-02 17:30:00.000000,0.0
Nuwara Eliya,forecast,12.41,78,1015,0.3,2026-04-02 20:30:00.000000,0.01
Galle,current,27.48,77,1010,3.04,2026-03-28 17:24:22.050415,
Galle,forecast,27.07,80,1010,3.23,2026-03-28 23:30:00.000000,0.25
Galle,forecast,26.98,79,1009,2.8,2026-03-29 02:30:00.000000,0.77
Galle,forecast,26.81,79,1009,2.11,2026-03-29 05:30:00.000000,0.42
Galle,forecast,28.53,70,1010,1.36,2026-03-29 08:30:00.000000,0.0
Galle,forecast,28.9,70,1010,3.86,2026-03-29 11:30:00.000000,1.0
Galle,forecast,28.68,69,1007,4.28,2026-03-29 14:30:00.000000,0.54
Galle,forecast,28.28,74,1007,4.52,2026-03-29 17:30:00.000000,0.39
Galle,forecast,27.62,77,1009,3.04,2026-03-29 20:30:00.000000,0.24
Galle,forecast,27.14,79,1010,1.8,2026-03-29 23:30:00.000000,0.22
Galle,forecast,26.36,83,1007,2.05,2026-03-30 02:30:00.000000,0.0
Galle,forecast,25.75,85,1008,1.53,2026-03-30 05:30:00.000000,0.24
Galle,forecast,27.88,75,1011,1.88,2026-03-30 08:30:00.000000,0.0
Galle,forecast,29.08,68,1011,3.08,2026-03-30 11:30:00.000000,0.0
Galle,forecast,29.56,69,1008,5.19,2026-03-30 14:30:00.000000,0.08
Galle,forecast,28.67,71,1008,3.27,2026-03-30 17:30:00.000000,0.81
Galle,forecast,27.6,78,1011,2.54,2026-03-30 20:30:00.000000,0.87
Galle,forecast,27.18,78,1011,2.13,2026-03-30 23:30:00.000000,0.78
Galle,forecast,26.6,79,1008,0.58,2026-03-31 02:30:00.000000,0.2
Galle,forecast,25.63,84,1009,1.52,2026-03-31 05:30:00.000000,0.08
Galle,forecast,27.06,80,1011,1.23,2026-03-31 08:30:00.000000,0.0
Galle,forecast,29.24,68,1010,2.07,2026-03-31 11:30:00.000000,0.2
Galle,forecast,29.63,66,1007,4.8,2026-03-31 14:30:00.000000,0.0
Galle,forecast,28.69,69,1008,2.25,2026-03-31 17:30:00.000000,0.39
Galle,forecast,27.48,74,1010,1.93,2026-03-31 20:30:00.000000,0.83
Galle,forecast,26.85,76,1010,2.2,2026-03-31 23:30:00.000000,0.92
Galle,forecast,25.57,83,1008,2.69,2026-04-01 02:30:00.000000,0.37
Galle,forecast,24.86,87,1009,2.93,2026-04-01 05:30:00.000000,0.48
Galle,forecast,27.5,76,1011,3.22,2026-04-01 08:30:00.000000,0.79
Galle,forecast,29.82,65,1010,5.13,2026-04-01 11:30:00.000000,0.76
Galle,forecast,28.9,70,1007,6.63,2026-04-01 14:30:00.000000,0.0
Galle,forecast,28.12,75,1007,5.22,2026-04-01 17:30:00.000000,0.25
Galle,forecast,26.71,79,1010,4.18,2026-04-01 20:30:00.000000,0.76
Galle,forecast,26.04,81,1010,4.16,2026-04-01 23:30:00.000000,0.62
Galle,forecast,25.1,81,1009,4.33,2026-04-02 02:30:00.000000,0.0
Galle,forecast,24.6,79,1010,4.7,2026-04-02 05:30:00.000000,0.0
Galle,forecast,26.9,66,1011,5.48,2026-04-02 08:30:00.000000,0.0
Galle,forecast,30.23,51,1010,6.12,2026-04-02 11:30:00.000000,0.0
Galle,forecast,29.62,52,1008,7.72,2026-04-02 14:30:00.000000,0.0
Galle,forecast,28.17,60,1008,6.86,2026-04-02 17:30:00.000000,0.0
Galle,forecast,26.0,69,1011,4.07,2026-04-02 20:30:00.000000,0.0
Matara,current,26.23,81,1010,2.48,2026-03-28 17:24:23.485591,
Matara,forecast,25.81,83,1010,2.6,2026-03-28 23:30:00.000000,0.0
Matara,forecast,25.6,85,1009,2.71,2026-03-29 02:30:00.000000,0.27
Matara,forecast,25.4,86,1009,2.33,2026-03-29 05:30:00.000000,0.24
Matara,forecast,28.77,70,1010,1.8,2026-03-29 08:30:00.000000,0.0
Matara,forecast,29.79,66,1010,3.26,2026-03-29 11:30:00.000000,0.54
Matara,forecast,30.41,62,1007,4.19,2026-03-29 14:30:00.000000,0.49
Matara,forecast,28.86,69,1007,4.38,2026-03-29 17:30:00.000000,0.37
Matara,forecast,25.9,85,1010,2.8,2026-03-29 20:30:00.000000,0.75
Matara,forecast,25.44,88,1010,2.2,2026-03-29 23:30:00.000000,0.4
Matara,forecast,24.76,91,1007,1.96,2026-03-30 02:30:00.000000,0.0
Matara,forecast,24.54,92,1008,2.09,2026-03-30 05:30:00.000000,0.0
Matara,forecast,27.78,78,1011,1.5,2026-03-30 08:30:00.000000,0.09
Matara,forecast,30.98,62,1010,3.5,2026-03-30 11:30:00.000000,0.03
Matara,forecast,30.73,61,1008,3.57,2026-03-30 14:30:00.000000,0.56
Matara,forecast,28.86,70,1008,3.57,2026-03-30 17:30:00.000000,0.44
Matara,forecast,26.1,84,1011,2.19,2026-03-30 20:30:00.000000,0.89
Matara,forecast,25.58,87,1011,1.47,2026-03-30 23:30:00.000000,0.62
Matara,forecast,25.11,88,1008,0.86,2026-03-31 02:30:00.000000,0.38
Matara,forecast,24.48,90,1009,1.61,2026-03-31 05:30:00.000000,0.24
Matara,forecast,27.71,77,1011,0.92,2026-03-31 08:30:00.000000,0.0
Matara,forecast,30.67,63,1010,3.06,2026-03-31 11:30:00.000000,0.0
Matara,forecast,30.0,64,1007,3.72,2026-03-31 14:30:00.000000,0.0
Matara,forecast,28.56,69,1008,2.24,2026-03-31 17:30:00.000000,0.3
Matara,forecast,25.99,80,1010,0.85,2026-03-31 20:30:00.000000,0.82
Matara,forecast,25.25,85,1010,1.04,2026-03-31 23:30:00.000000,0.91
Matara,forecast,24.58,88,1008,1.76,2026-04-01 02:30:00.000000,0.87
Matara,forecast,24.53,89,1009,1.94,2026-04-01 05:30:00.000000,0.72
Matara,forecast,27.79,74,1011,2.64,2026-04-01 08:30:00.000000,0.26
Matara,forecast,30.74,60,1010,4.36,2026-04-01 11:30:00.000000,0.29
Matara,forecast,29.82,66,1007,5.68,2026-04-01 14:30:00.000000,0.0
Matara,forecast,28.29,71,1007,3.84,2026-04-01 17:30:00.000000,0.03
Matara,forecast,26.2,79,1010,2.99,2026-04-01 20:30:00.000000,0.0
Matara,forecast,25.42,79,1011,2.81,2026-04-01 23:30:00.000000,0.0
Matara,forecast,24.63,79,1009,2.89,2026-04-02 02:30:00.000000,0.0
Matara,forecast,23.97,78,1010,3.15,2026-04-02 05:30:00.000000,0.0
Matara,forecast,27.53,62,1011,3.97,2026-04-02 08:30:00.000000,0.0
Matara,forecast,30.78,46,1011,4.65,2026-04-02 11:30:00.000000,0.0
Matara,forecast,30.5,46,1008,4.65,2026-04-02 14:30:00.000000,0.0
Matara,forecast,28.02,58,1008,3.98,2026-04-02 17:30:00.000000,0.0
Matara,forecast,25.0,72,1011,2.45,2026-04-02 20:30:00.000000,0.0
Hambantota,current,26.52,82,1010,3.73,2026-03-28 17:24:25.181234,
Hambantota,forecast,26.0,84,1010,3.58,2026-03-28 23:30:00.000000,0.66
Hambantota,forecast,25.82,85,1009,2.74,2026-03-29 02:30:00.000000,0.01
Hambantota,forecast,25.55,86,1009,2.37,2026-03-29 05:30:00.000000,0.21
Hambantota,forecast,27.58,76,1010,2.04,2026-03-29 08:30:00.000000,0.0
Hambantota,forecast,30.5,65,1010,4.02,2026-03-29 11:30:00.000000,0.2
Hambantota,forecast,29.96,67,1006,8.3,2026-03-29 14:30:00.000000,0.0
Hambantota,forecast,28.05,76,1007,6.56,2026-03-29 17:30:00.000000,0.36
Hambantota,forecast,26.88,81,1009,5.09,2026-03-29 20:30:00.000000,0.98
Hambantota,forecast,26.26,84,1009,4.26,2026-03-29 23:30:00.000000,0.44
Hambantota,forecast,25.32,88,1007,2.79,2026-03-30 02:30:00.000000,0.0
Hambantota,forecast,24.9,88,1008,2.11,2026-03-30 05:30:00.000000,0.0
Hambantota,forecast,27.29,77,1011,1.74,2026-03-30 08:30:00.000000,0.2
Hambantota,forecast,30.47,64,1010,3.95,2026-03-30 11:30:00.000000,0.0
Hambantota,forecast,29.75,68,1007,7.54,2026-03-30 14:30:00.000000,0.0
Hambantota,forecast,28.83,71,1008,5.33,2026-03-30 17:30:00.000000,0.0
Hambantota,forecast,27.26,79,1011,3.67,2026-03-30 20:30:00.000000,0.28
Hambantota,forecast,26.88,81,1011,3.35,2026-03-30 23:30:00.000000,0.21
Hambantota,forecast,25.77,84,1008,2.67,2026-03-31 02:30:00.000000,0.69
Hambantota,forecast,25.1,86,1009,1.51,2026-03-31 05:30:00.000000,0.44
Hambantota,forecast,27.54,75,1011,1.87,2026-03-31 08:30:00.000000,0.2
Hambantota,forecast,30.63,62,1010,3.56,2026-03-31 11:30:00.000000,0.0
Hambantota,forecast,29.85,66,1007,6.92,2026-03-31 14:30:00.000000,0.0
Hambantota,forecast,28.61,69,1008,4.11,2026-03-31 17:30:00.000000,0.0
Hambantota,forecast,27.21,77,1010,2.58,2026-03-31 20:30:00.000000,0.74
Hambantota,forecast,26.67,79,1011,2.0,2026-03-31 23:30:00.000000,0.89
Hambantota,forecast,26.39,79,1008,1.56,2026-04-01 02:30:00.000000,0.39
Hambantota,forecast,25.78,81,1009,1.67,2026-04-01 05:30:00.000000,0.21
Hambantota,forecast,27.98,73,1011,2.48,2026-04-01 08:30:00.000000,0.35
Hambantota,forecast,28.34,71,1010,5.61,2026-04-01 11:30:00.000000,0.45
Hambantota,forecast,29.52,65,1007,6.11,2026-04-01 14:30:00.000000,0.0
Hambantota,forecast,27.8,69,1008,5.64,2026-04-01 17:30:00.000000,0.0
Hambantota,forecast,26.3,72,1010,3.49,2026-04-01 20:30:00.000000,0.0
Hambantota,forecast,25.86,69,1011,2.88,2026-04-01 23:30:00.000000,0.0
Hambantota,forecast,25.03,70,1009,2.61,2026-04-02 02:30:00.000000,0.0
Hambantota,forecast,24.67,69,1010,2.67,2026-04-02 05:30:00.000000,0.0
Hambantota,forecast,27.64,57,1012,2.44,2026-04-02 08:30:00.000000,0.0
Hambantota,forecast,30.58,45,1011,4.84,2026-04-02 11:30:00.000000,0.0
Hambantota,forecast,30.27,46,1009,5.01,2026-04-02 14:30:00.000000,0.0
Hambantota,forecast,28.32,56,1008,4.54,2026-04-02 17:30:00.000000,0.0
Hambantota,forecast,25.86,67,1011,1.97,2026-04-02 20:30:00.000000,0.0
Jaffna,current,26.42,79,1009,5.42,2026-03-28 17:24:26.632736,
Jaffna,forecast,26.28,79,1009,5.73,2026-03-28 23:30:00.000000,0.0
Jaffna,forecast,26.18,80,1008,5.0,2026-03-29 02:30:00.000000,0.0
Jaffna,forecast,25.83,82,1008,3.48,2026-03-29 05:30:00.000000,0.0
Jaffna,forecast,27.44,74,1010,2.92,2026-03-29 08:30:00.000000,0.0
Jaffna,forecast,29.61,67,1010,2.76,2026-03-29 11:30:00.000000,0.0
Jaffna,forecast,30.02,66,1006,3.59,2026-03-29 14:30:00.000000,0.0
Jaffna,forecast,29.6,65,1006,0.35,2026-03-29 17:30:00.000000,0.0
Jaffna,forecast,27.19,79,1009,4.47,2026-03-29 20:30:00.000000,0.0
Jaffna,forecast,26.72,84,1009,5.59,2026-03-29 23:30:00.000000,0.0
Jaffna,forecast,26.46,85,1007,5.05,2026-03-30 02:30:00.000000,0.0
Jaffna,forecast,26.13,88,1008,3.32,2026-03-30 05:30:00.000000,0.0
Jaffna,forecast,27.82,79,1010,3.7,2026-03-30 08:30:00.000000,0.0
Jaffna,forecast,29.89,69,1010,3.34,2026-03-30 11:30:00.000000,0.0
Jaffna,forecast,30.25,67,1007,2.95,2026-03-30 14:30:00.000000,0.0
Jaffna,forecast,29.58,68,1007,0.73,2026-03-30 17:30:00.000000,0.0
Jaffna,forecast,27.54,77,1010,4.02,2026-03-30 20:30:00.000000,0.0
Jaffna,forecast,26.46,83,1010,5.06,2026-03-30 23:30:00.000000,0.0
Jaffna,forecast,26.1,87,1008,4.51,2026-03-31 02:30:00.000000,0.0
Jaffna,forecast,25.83,88,1009,3.46,2026-03-31 05:30:00.000000,0.0
Jaffna,forecast,27.95,74,1011,3.1,2026-03-31 08:30:00.000000,0.0
Jaffna,forecast,30.47,61,1010,2.5,2026-03-31 11:30:00.000000,0.0
Jaffna,forecast,30.31,62,1007,3.15,2026-03-31 14:30:00.000000,0.0
Jaffna,forecast,29.46,65,1007,1.43,2026-03-31 17:30:00.000000,0.0
Jaffna,forecast,26.78,78,1009,4.71,2026-03-31 20:30:00.000000,0.0
Jaffna,forecast,26.0,82,1010,5.02,2026-03-31 23:30:00.000000,0.0
Jaffna,forecast,25.5,82,1008,4.67,2026-04-01 02:30:00.000000,0.0
Jaffna,forecast,24.95,85,1009,3.97,2026-04-01 05:30:00.000000,0.0
Jaffna,forecast,27.43,71,1011,3.43,2026-04-01 08:30:00.000000,0.0
Jaffna,forecast,30.46,54,1010,1.68,2026-04-01 11:30:00.000000,0.0
Jaffna,forecast,30.15,57,1007,4.76,2026-04-01 14:30:00.000000,0.0
Jaffna,forecast,29.19,61,1007,4.89,2026-04-01 17:30:00.000000,0.0
Jaffna,forecast,26.25,71,1010,5.24,2026-04-01 20:30:00.000000,0.0
Jaffna,forecast,25.5,73,1010,4.78,2026-04-01 23:30:00.000000,0.0
Jaffna,forecast,24.77,75,1008,4.75,2026-04-02 02:30:00.000000,0.0
Jaffna,forecast,24.69,74,1010,3.76,2026-04-02 05:30:00.000000,0.0
Jaffna,forecast,26.6,64,1012,3.07,2026-04-02 08:30:00.000000,0.0
Jaffna,forecast,29.93,51,1011,0.94,2026-04-02 11:30:00.000000,0.0
Jaffna,forecast,29.53,57,1008,3.0,2026-04-02 14:30:00.000000,0.0
Jaffna,forecast,29.15,58,1008,1.58,2026-04-02 17:30:00.000000,0.0
Jaffna,forecast,27.26,67,1010,4.26,2026-04-02 20:30:00.000000,0.0
Kilinochchi,current,23.82,83,1010,2.31,2026-03-28 17:24:28.231299,
Kilinochchi,forecast,23.46,85,1009,2.46,2026-03-28 23:30:00.000000,0.0
Kilinochchi,forecast,23.13,87,1008,2.3,2026-03-29 02:30:00.000000,0.0
Kilinochchi,forecast,22.44,91,1008,1.76,2026-03-29 05:30:00.000000,0.0
Kilinochchi,forecast,28.9,64,1010,2.24,2026-03-29 08:30:00.000000,0.0
Kilinochchi,forecast,35.69,38,1009,2.12,2026-03-29 11:30:00.000000,0.0
Kilinochchi,forecast,33.09,49,1006,3.38,2026-03-29 14:30:00.000000,0.0
Kilinochchi,forecast,30.11,61,1006,2.11,2026-03-29 17:30:00.000000,0.0
Kilinochchi,forecast,25.17,86,1009,2.25,2026-03-29 20:30:00.000000,0.0
Kilinochchi,forecast,24.05,92,1009,2.28,2026-03-29 23:30:00.000000,0.0
Kilinochchi,forecast,23.52,96,1007,2.35,2026-03-30 02:30:00.000000,0.0
Kilinochchi,forecast,23.18,97,1009,1.62,2026-03-30 05:30:00.000000,0.0
Kilinochchi,forecast,29.42,64,1011,2.24,2026-03-30 08:30:00.000000,0.0
Kilinochchi,forecast,36.02,36,1009,1.12,2026-03-30 11:30:00.000000,0.0
Kilinochchi,forecast,33.56,48,1007,3.45,2026-03-30 14:30:00.000000,0.0
Kilinochchi,forecast,30.27,60,1007,2.21,2026-03-30 17:30:00.000000,0.0
Kilinochchi,forecast,25.16,83,1010,2.33,2026-03-30 20:30:00.000000,0.0
Kilinochchi,forecast,23.96,93,1010,1.91,2026-03-30 23:30:00.000000,0.0
Kilinochchi,forecast,23.56,96,1008,2.4,2026-03-31 02:30:00.000000,0.0
Kilinochchi,forecast,23.14,96,1009,1.77,2026-03-31 05:30:00.000000,0.0
Kilinochchi,forecast,29.69,60,1011,1.53,2026-03-31 08:30:00.000000,0.0
Kilinochchi,forecast,35.18,38,1010,1.58,2026-03-31 11:30:00.000000,0.0
Kilinochchi,forecast,33.68,45,1007,3.77,2026-03-31 14:30:00.000000,0.0
Kilinochchi,forecast,30.25,58,1007,2.45,2026-03-31 17:30:00.000000,0.0
Kilinochchi,forecast,24.49,85,1009,2.3,2026-03-31 20:30:00.000000,0.0
Kilinochchi,forecast,23.13,91,1010,2.46,2026-03-31 23:30:00.000000,0.0
Kilinochchi,forecast,22.36,94,1008,1.97,2026-04-01 02:30:00.000000,0.0
Kilinochchi,forecast,21.97,96,1009,1.67,2026-04-01 05:30:00.000000,0.0
Kilinochchi,forecast,28.95,59,1011,2.65,2026-04-01 08:30:00.000000,0.0
Kilinochchi,forecast,35.61,30,1009,2.14,2026-04-01 11:30:00.000000,0.0
Kilinochchi,forecast,33.6,40,1006,4.17,2026-04-01 14:30:00.000000,0.0
Kilinochchi,forecast,29.59,49,1007,3.85,2026-04-01 17:30:00.000000,0.0
Kilinochchi,forecast,23.55,76,1010,2.47,2026-04-01 20:30:00.000000,0.0
Kilinochchi,forecast,22.04,80,1010,2.04,2026-04-01 23:30:00.000000,0.0
Kilinochchi,forecast,21.27,82,1009,2.09,2026-04-02 02:30:00.000000,0.0
Kilinochchi,forecast,20.96,84,1010,2.04,2026-04-02 05:30:00.000000,0.0
Kilinochchi,forecast,28.42,51,1011,2.3,2026-04-02 08:30:00.000000,0.0
Kilinochchi,forecast,34.98,36,1010,0.48,2026-04-02 11:30:00.000000,0.0
Kilinochchi,forecast,32.65,43,1008,3.45,2026-04-02 14:30:00.000000,0.0
Kilinochchi,forecast,29.07,54,1008,2.32,2026-04-02 17:30:00.000000,0.0
Kilinochchi,forecast,24.54,67,1011,2.26,2026-04-02 20:30:00.000000,0.0
Mannar,current,27.13,78,1009,4.52,2026-03-28 17:24:29.721075,
Mannar,forecast,26.66,80,1009,5.37,2026-03-28 23:30:00.000000,0.0
Mannar,forecast,26.51,80,1008,4.61,2026-03-29 02:30:00.000000,0.0
Mannar,forecast,26.23,82,1008,3.69,2026-03-29 05:30:00.000000,0.0
Mannar,forecast,27.87,77,1010,3.38,2026-03-29 08:30:00.000000,0.0
Mannar,forecast,29.5,70,1009,4.94,2026-03-29 11:30:00.000000,0.0
Mannar,forecast,29.79,68,1006,5.45,2026-03-29 14:30:00.000000,0.0
Mannar,forecast,29.33,70,1006,1.81,2026-03-29 17:30:00.000000,0.0
Mannar,forecast,28.29,79,1009,3.1,2026-03-29 20:30:00.000000,0.0
Mannar,forecast,27.56,82,1009,4.17,2026-03-29 23:30:00.000000,0.0
Mannar,forecast,27.4,81,1007,4.42,2026-03-30 02:30:00.000000,0.2
Mannar,forecast,27.02,82,1008,2.91,2026-03-30 05:30:00.000000,0.0
Mannar,forecast,28.1,78,1010,4.26,2026-03-30 08:30:00.000000,0.0
Mannar,forecast,29.43,71,1010,4.63,2026-03-30 11:30:00.000000,0.0
Mannar,forecast,29.14,74,1007,6.39,2026-03-30 14:30:00.000000,0.0
Mannar,forecast,28.96,72,1007,2.13,2026-03-30 17:30:00.000000,0.0
Mannar,forecast,28.38,76,1010,1.31,2026-03-30 20:30:00.000000,0.2
Mannar,forecast,27.67,78,1010,2.87,2026-03-30 23:30:00.000000,0.05
Mannar,forecast,26.76,81,1008,3.63,2026-03-31 02:30:00.000000,0.0
Mannar,forecast,26.19,84,1009,2.97,2026-03-31 05:30:00.000000,0.0
Mannar,forecast,27.33,80,1011,3.3,2026-03-31 08:30:00.000000,0.0
Mannar,forecast,28.72,71,1010,2.87,2026-03-31 11:30:00.000000,0.2
Mannar,forecast,29.09,71,1007,4.72,2026-03-31 14:30:00.000000,0.0
Mannar,forecast,28.96,70,1007,2.31,2026-03-31 17:30:00.000000,0.0
Mannar,forecast,28.33,72,1009,2.33,2026-03-31 20:30:00.000000,0.0
Mannar,forecast,26.37,82,1010,5.85,2026-03-31 23:30:00.000000,0.0
Mannar,forecast,25.46,88,1008,5.01,2026-04-01 02:30:00.000000,0.0
Mannar,forecast,25.22,88,1009,4.61,2026-04-01 05:30:00.000000,0.0
Mannar,forecast,27.19,77,1011,3.72,2026-04-01 08:30:00.000000,0.0
Mannar,forecast,29.02,67,1010,3.8,2026-04-01 11:30:00.000000,0.0
Mannar,forecast,28.48,73,1007,4.83,2026-04-01 14:30:00.000000,0.0
Mannar,forecast,28.47,66,1007,3.97,2026-04-01 17:30:00.000000,0.0
Mannar,forecast,28.0,65,1009,3.97,2026-04-01 20:30:00.000000,0.0
Mannar,forecast,26.09,71,1010,5.7,2026-04-01 23:30:00.000000,0.0
Mannar,forecast,25.18,75,1008,5.13,2026-04-02 02:30:00.000000,0.0
Mannar,forecast,24.92,73,1009,3.57,2026-04-02 05:30:00.000000,0.0
Mannar,forecast,26.73,68,1011,1.59,2026-04-02 08:30:00.000000,0.0
Mannar,forecast,27.35,71,1011,2.98,2026-04-02 11:30:00.000000,0.0
Mannar,forecast,28.4,73,1008,5.39,2026-04-02 14:30:00.000000,0.0
Mannar,forecast,28.11,72,1008,2.18,2026-04-02 17:30:00.000000,0.0
Mannar,forecast,27.51,74,1010,1.35,2026-04-02 20:30:00.000000,0.0
Vavuniya,current,23.71,84,1010,1.5,2026-03-28 17:24:31.275683,
Vavuniya,forecast,23.49,85,1010,1.37,2026-03-28 23:30:00.000000,0.0
Vavuniya,forecast,23.26,87,1009,1.38,2026-03-29 02:30:00.000000,0.0
Vavuniya,forecast,22.67,90,1009,0.97,2026-03-29 05:30:00.000000,0.0
Vavuniya,forecast,28.93,66,1011,1.45,2026-03-29 08:30:00.000000,0.0
Vavuniya,forecast,36.67,33,1009,1.56,2026-03-29 11:30:00.000000,0.0
Vavuniya,forecast,39.9,22,1004,0.91,2026-03-29 14:30:00.000000,0.0
Vavuniya,forecast,31.23,54,1006,1.58,2026-03-29 17:30:00.000000,0.0
Vavuniya,forecast,25.8,81,1009,1.27,2026-03-29 20:30:00.000000,0.0
Vavuniya,forecast,24.38,92,1010,1.17,2026-03-29 23:30:00.000000,0.0
Vavuniya,forecast,23.51,96,1007,1.34,2026-03-30 02:30:00.000000,0.0
Vavuniya,forecast,22.76,98,1009,1.17,2026-03-30 05:30:00.000000,0.0
Vavuniya,forecast,28.96,66,1011,1.44,2026-03-30 08:30:00.000000,0.0
Vavuniya,forecast,36.7,32,1009,1.52,2026-03-30 11:30:00.000000,0.0
Vavuniya,forecast,40.13,21,1005,0.8,2026-03-30 14:30:00.000000,0.0
Vavuniya,forecast,30.35,59,1007,2.07,2026-03-30 17:30:00.000000,0.2
Vavuniya,forecast,25.04,87,1010,0.97,2026-03-30 20:30:00.000000,0.83
Vavuniya,forecast,23.98,95,1011,1.32,2026-03-30 23:30:00.000000,0.6
Vavuniya,forecast,23.28,96,1009,1.17,2026-03-31 02:30:00.000000,0.0
Vavuniya,forecast,23.33,93,1010,0.74,2026-03-31 05:30:00.000000,0.0
Vavuniya,forecast,28.44,68,1011,0.73,2026-03-31 08:30:00.000000,0.0
Vavuniya,forecast,37.69,31,1010,0.12,2026-03-31 11:30:00.000000,0.0
Vavuniya,forecast,38.79,23,1005,1.2,2026-03-31 14:30:00.000000,0.0
Vavuniya,forecast,31.91,48,1006,1.82,2026-03-31 17:30:00.000000,0.0
Vavuniya,forecast,25.59,80,1010,2.08,2026-03-31 20:30:00.000000,0.1
Vavuniya,forecast,24.02,91,1011,1.83,2026-03-31 23:30:00.000000,0.0
Vavuniya,forecast,22.79,97,1009,1.3,2026-04-01 02:30:00.000000,0.0
Vavuniya,forecast,22.18,97,1009,1.43,2026-04-01 05:30:00.000000,0.0
Vavuniya,forecast,28.47,64,1011,2.28,2026-04-01 08:30:00.000000,0.0
Vavuniya,forecast,36.85,28,1009,1.41,2026-04-01 11:30:00.000000,0.0
Vavuniya,forecast,38.75,20,1005,1.74,2026-04-01 14:30:00.000000,0.0
Vavuniya,forecast,31.6,44,1007,2.14,2026-04-01 17:30:00.000000,0.0
Vavuniya,forecast,24.99,67,1010,1.91,2026-04-01 20:30:00.000000,0.02
Vavuniya,forecast,22.93,78,1011,1.71,2026-04-01 23:30:00.000000,0.0
Vavuniya,forecast,22.18,81,1009,1.42,2026-04-02 02:30:00.000000,0.0
Vavuniya,forecast,21.88,78,1010,1.49,2026-04-02 05:30:00.000000,0.0
Vavuniya,forecast,27.24,62,1012,1.56,2026-04-02 08:30:00.000000,0.0
Vavuniya,forecast,35.17,38,1010,1.21,2026-04-02 11:30:00.000000,0.0
Vavuniya,forecast,39.27,22,1006,0.48,2026-04-02 14:30:00.000000,0.0
Vavuniya,forecast,30.23,55,1008,2.48,2026-04-02 17:30:00.000000,0.2
Vavuniya,forecast,24.12,70,1011,1.07,2026-04-02 20:30:00.000000,0.03
Mullaitivu,current,26.14,74,1010,3.23,2026-03-28 17:24:32.677161,
Mullaitivu,forecast,25.8,76,1009,3.38,2026-03-28 23:30:00.000000,0.0
Mullaitivu,forecast,25.38,79,1008,3.67,2026-03-29 02:30:00.000000,0.0
Mullaitivu,forecast,24.7,84,1008,3.19,2026-03-29 05:30:00.000000,0.0
Mullaitivu,forecast,27.67,69,1011,2.77,2026-03-29 08:30:00.000000,0.0
Mullaitivu,forecast,30.89,59,1009,4.65,2026-03-29 11:30:00.000000,0.0
Mullaitivu,forecast,29.84,67,1006,4.58,2026-03-29 14:30:00.000000,0.0
Mullaitivu,forecast,28.42,73,1007,3.07,2026-03-29 17:30:00.000000,0.0
Mullaitivu,forecast,26.77,81,1009,3.15,2026-03-29 20:30:00.000000,0.0
Mullaitivu,forecast,25.91,84,1009,3.5,2026-03-29 23:30:00.000000,0.0
Mullaitivu,forecast,25.07,90,1007,3.27,2026-03-30 02:30:00.000000,0.0
Mullaitivu,forecast,24.9,90,1008,2.79,2026-03-30 05:30:00.000000,0.0
Mullaitivu,forecast,28.16,74,1011,2.92,2026-03-30 08:30:00.000000,0.0
Mullaitivu,forecast,30.61,61,1010,5.31,2026-03-30 11:30:00.000000,0.0
Mullaitivu,forecast,30.29,62,1007,5.94,2026-03-30 14:30:00.000000,0.0
Mullaitivu,forecast,28.8,70,1007,3.98,2026-03-30 17:30:00.000000,0.0
Mullaitivu,forecast,26.64,82,1010,3.42,2026-03-30 20:30:00.000000,0.0
Mullaitivu,forecast,25.88,87,1010,3.79,2026-03-30 23:30:00.000000,0.0
Mullaitivu,forecast,25.08,91,1008,3.07,2026-03-31 02:30:00.000000,0.0
Mullaitivu,forecast,25.18,89,1009,3.08,2026-03-31 05:30:00.000000,0.0
Mullaitivu,forecast,28.28,71,1011,2.92,2026-03-31 08:30:00.000000,0.0
Mullaitivu,forecast,30.22,63,1010,4.83,2026-03-31 11:30:00.000000,0.0
Mullaitivu,forecast,30.3,62,1007,4.69,2026-03-31 14:30:00.000000,0.0
Mullaitivu,forecast,28.58,69,1007,3.56,2026-03-31 17:30:00.000000,0.0
Mullaitivu,forecast,26.52,77,1010,3.36,2026-03-31 20:30:00.000000,0.0
Mullaitivu,forecast,26.06,77,1010,4.14,2026-03-31 23:30:00.000000,0.0
Mullaitivu,forecast,25.35,80,1008,3.5,2026-04-01 02:30:00.000000,0.0
Mullaitivu,forecast,24.91,81,1009,3.3,2026-04-01 05:30:00.000000,0.0
Mullaitivu,forecast,28.27,64,1011,3.89,2026-04-01 08:30:00.000000,0.0
Mullaitivu,forecast,30.04,56,1010,5.14,2026-04-01 11:30:00.000000,0.0
Mullaitivu,forecast,29.76,57,1007,5.3,2026-04-01 14:30:00.000000,0.0
Mullaitivu,forecast,28.18,62,1007,4.4,2026-04-01 17:30:00.000000,0.0
Mullaitivu,forecast,26.32,66,1010,4.09,2026-04-01 20:30:00.000000,0.0
Mullaitivu,forecast,25.67,68,1010,4.31,2026-04-01 23:30:00.000000,0.0
Mullaitivu,forecast,24.39,73,1009,3.54,2026-04-02 02:30:00.000000,0.0
Mullaitivu,forecast,23.67,77,1009,3.34,2026-04-02 05:30:00.000000,0.0
Mullaitivu,forecast,26.76,63,1012,2.98,2026-04-02 08:30:00.000000,0.0
Mullaitivu,forecast,30.04,51,1011,4.0,2026-04-02 11:30:00.000000,0.0
Mullaitivu,forecast,29.84,53,1008,6.48,2026-04-02 14:30:00.000000,0.0
Mullaitivu,forecast,28.58,56,1008,3.69,2026-04-02 17:30:00.000000,0.0
Mullaitivu,forecast,26.56,66,1011,3.63,2026-04-02 20:30:00.000000,0.0
Batticaloa,current,26.21,75,1010,3.15,2026-03-28 17:24:34.236271,
Batticaloa,forecast,25.96,76,1010,3.66,2026-03-28 23:30:00.000000,0.0
Batticaloa,forecast,25.66,78,1009,2.87,2026-03-29 02:30:00.000000,0.0
Batticaloa,forecast,25.2,83,1009,2.93,2026-03-29 05:30:00.000000,0.0
Batticaloa,forecast,27.16,78,1011,2.09,2026-03-29 08:30:00.000000,0.0
Batticaloa,forecast,29.75,68,1010,3.95,2026-03-29 11:30:00.000000,0.0
Batticaloa,forecast,29.8,68,1006,6.31,2026-03-29 14:30:00.000000,0.0
Batticaloa,forecast,27.85,79,1007,6.51,2026-03-29 17:30:00.000000,0.0
Batticaloa,forecast,26.88,83,1009,6.64,2026-03-29 20:30:00.000000,0.0
Batticaloa,forecast,26.04,85,1009,3.8,2026-03-29 23:30:00.000000,0.0
Batticaloa,forecast,25.46,87,1007,3.33,2026-03-30 02:30:00.000000,0.0
Batticaloa,forecast,24.83,88,1008,2.4,2026-03-30 05:30:00.000000,0.2
Batticaloa,forecast,27.29,77,1011,1.67,2026-03-30 08:30:00.000000,0.0
Batticaloa,forecast,29.62,66,1010,3.34,2026-03-30 11:30:00.000000,0.0
Batticaloa,forecast,29.72,68,1007,5.84,2026-03-30 14:30:00.000000,0.0
Batticaloa,forecast,28.19,76,1008,6.39,2026-03-30 17:30:00.000000,0.0
Batticaloa,forecast,27.1,80,1010,6.17,2026-03-30 20:30:00.000000,0.0
Batticaloa,forecast,26.36,81,1011,4.11,2026-03-30 23:30:00.000000,0.0
Batticaloa,forecast,25.62,84,1008,3.69,2026-03-31 02:30:00.000000,0.0
Batticaloa,forecast,25.29,86,1009,2.61,2026-03-31 05:30:00.000000,0.28
Batticaloa,forecast,27.45,77,1012,2.22,2026-03-31 08:30:00.000000,0.46
Batticaloa,forecast,29.65,67,1010,3.78,2026-03-31 11:30:00.000000,0.01
Batticaloa,forecast,29.3,71,1007,5.68,2026-03-31 14:30:00.000000,0.0
Batticaloa,forecast,27.96,76,1007,4.96,2026-03-31 17:30:00.000000,0.0
Batticaloa,forecast,26.56,81,1010,5.25,2026-03-31 20:30:00.000000,0.0
Batticaloa,forecast,26.13,81,1011,3.74,2026-03-31 23:30:00.000000,0.0
Batticaloa,forecast,25.96,78,1008,3.32,2026-04-01 02:30:00.000000,0.0
Batticaloa,forecast,26.0,75,1009,2.51,2026-04-01 05:30:00.000000,0.0
Batticaloa,forecast,28.08,67,1011,2.96,2026-04-01 08:30:00.000000,0.0
Batticaloa,forecast,29.44,60,1010,4.48,2026-04-01 11:30:00.000000,0.0
Batticaloa,forecast,28.78,64,1007,5.24,2026-04-01 14:30:00.000000,0.0
Batticaloa,forecast,27.42,67,1008,5.01,2026-04-01 17:30:00.000000,0.0
Batticaloa,forecast,25.98,66,1010,4.79,2026-04-01 20:30:00.000000,0.0
Batticaloa,forecast,25.11,67,1011,2.88,2026-04-01 23:30:00.000000,0.0
Batticaloa,forecast,24.27,70,1009,3.48,2026-04-02 02:30:00.000000,0.0
Batticaloa,forecast,23.59,73,1010,3.75,2026-04-02 05:30:00.000000,0.0
Batticaloa,forecast,26.11,65,1012,3.77,2026-04-02 08:30:00.000000,0.0
Batticaloa,forecast,29.76,49,1011,4.12,2026-04-02 11:30:00.000000,0.0
Batticaloa,forecast,29.67,51,1008,6.26,2026-04-02 14:30:00.000000,0.0
Batticaloa,forecast,27.59,61,1008,5.49,2026-04-02 17:30:00.000000,0.0
Batticaloa,forecast,26.16,66,1011,4.82,2026-04-02 20:30:00.000000,0.0
Ampara,current,24.66,80,1010,1.73,2026-03-28 17:24:35.785480,
Ampara,forecast,24.42,82,1010,1.6,2026-03-28 23:30:00.000000,0.0
Ampara,forecast,24.15,85,1009,1.52,2026-03-29 02:30:00.000000,0.0
Ampara,forecast,23.8,89,1009,1.52,2026-03-29 05:30:00.000000,0.0
Ampara,forecast,27.42,78,1011,0.93,2026-03-29 08:30:00.000000,0.0
Ampara,forecast,31.38,61,1010,3.76,2026-03-29 11:30:00.000000,0.2
Ampara,forecast,31.24,62,1006,5.52,2026-03-29 14:30:00.000000,0.0
Ampara,forecast,27.96,78,1007,3.94,2026-03-29 17:30:00.000000,0.0
Ampara,forecast,25.57,85,1009,3.49,2026-03-29 20:30:00.000000,0.0
Ampara,forecast,24.5,90,1009,1.54,2026-03-29 23:30:00.000000,0.0
Ampara,forecast,23.6,94,1008,1.22,2026-03-30 02:30:00.000000,0.0
Ampara,forecast,23.2,95,1009,1.16,2026-03-30 05:30:00.000000,0.0
Ampara,forecast,28.3,72,1011,1.13,2026-03-30 08:30:00.000000,0.0
Ampara,forecast,32.06,54,1010,3.77,2026-03-30 11:30:00.000000,0.0
Ampara,forecast,31.55,58,1007,5.4,2026-03-30 14:30:00.000000,0.0
Ampara,forecast,28.27,72,1008,4.0,2026-03-30 17:30:00.000000,0.0
Ampara,forecast,25.74,80,1011,2.86,2026-03-30 20:30:00.000000,0.0
Ampara,forecast,24.74,86,1011,1.94,2026-03-30 23:30:00.000000,0.0
Ampara,forecast,23.95,91,1008,1.51,2026-03-31 02:30:00.000000,0.0
Ampara,forecast,23.38,94,1009,1.23,2026-03-31 05:30:00.000000,0.0
Ampara,forecast,28.14,73,1012,1.39,2026-03-31 08:30:00.000000,0.27
Ampara,forecast,32.02,56,1010,3.72,2026-03-31 11:30:00.000000,0.2
Ampara,forecast,30.8,63,1007,5.6,2026-03-31 14:30:00.000000,0.0
Ampara,forecast,27.79,75,1008,3.71,2026-03-31 17:30:00.000000,0.0
Ampara,forecast,25.34,86,1010,2.66,2026-03-31 20:30:00.000000,0.0
Ampara,forecast,24.94,88,1011,1.88,2026-03-31 23:30:00.000000,0.2
Ampara,forecast,24.88,87,1008,1.89,2026-04-01 02:30:00.000000,0.2
Ampara,forecast,24.11,89,1009,1.56,2026-04-01 05:30:00.000000,0.22
Ampara,forecast,27.84,72,1011,2.67,2026-04-01 08:30:00.000000,0.0
Ampara,forecast,31.11,55,1010,4.08,2026-04-01 11:30:00.000000,0.2
Ampara,forecast,30.61,55,1007,5.42,2026-04-01 14:30:00.000000,0.0
Ampara,forecast,27.17,67,1008,3.45,2026-04-01 17:30:00.000000,0.0
Ampara,forecast,24.34,71,1011,1.87,2026-04-01 20:30:00.000000,0.0
Ampara,forecast,23.27,74,1011,1.41,2026-04-01 23:30:00.000000,0.0
Ampara,forecast,22.1,78,1009,1.57,2026-04-02 02:30:00.000000,0.0
Ampara,forecast,21.51,80,1010,2.21,2026-04-02 05:30:00.000000,0.0
Ampara,forecast,25.86,64,1012,2.2,2026-04-02 08:30:00.000000,0.0
Ampara,forecast,31.32,41,1011,3.73,2026-04-02 11:30:00.000000,0.0
Ampara,forecast,30.1,47,1008,5.0,2026-04-02 14:30:00.000000,0.0
Ampara,forecast,26.88,61,1009,3.89,2026-04-02 17:30:00.000000,0.0
Ampara,forecast,23.75,72,1011,2.26,2026-04-02 20:30:00.000000,0.0
Trincomalee,current,26.36,75,1010,3.05,2026-03-28 17:24:37.213772,
Trincomalee,forecast,26.02,77,1010,2.78,2026-03-28 23:30:00.000000,0.0
Trincomalee,forecast,25.71,79,1009,3.33,2026-03-29 02:30:00.000000,0.0
Trincomalee,forecast,25.11,82,1009,2.93,2026-03-29 05:30:00.000000,0.0
Trincomalee,forecast,27.02,75,1011,3.0,2026-03-29 08:30:00.000000,0.0
Trincomalee,forecast,29.81,65,1009,4.55,2026-03-29 11:30:00.000000,0.0
Trincomalee,forecast,29.43,70,1006,7.76,2026-03-29 14:30:00.000000,0.0
Trincomalee,forecast,28.19,77,1006,6.11,2026-03-29 17:30:00.000000,0.0
Trincomalee,forecast,27.14,81,1009,3.43,2026-03-29 20:30:00.000000,0.0
Trincomalee,forecast,26.5,84,1009,3.49,2026-03-29 23:30:00.000000,0.0
Trincomalee,forecast,25.78,86,1007,2.58,2026-03-30 02:30:00.000000,0.0
Trincomalee,forecast,25.56,88,1008,2.51,2026-03-30 05:30:00.000000,0.0
Trincomalee,forecast,28.32,74,1011,1.99,2026-03-30 08:30:00.000000,0.2
Trincomalee,forecast,29.48,67,1010,5.44,2026-03-30 11:30:00.000000,0.0
Trincomalee,forecast,29.3,69,1007,6.71,2026-03-30 14:30:00.000000,0.0
Trincomalee,forecast,28.15,77,1007,6.31,2026-03-30 17:30:00.000000,0.0
Trincomalee,forecast,27.14,81,1010,3.58,2026-03-30 20:30:00.000000,0.05
Trincomalee,forecast,26.38,84,1010,3.94,2026-03-30 23:30:00.000000,0.21
Trincomalee,forecast,25.73,86,1008,3.55,2026-03-31 02:30:00.000000,0.0
Trincomalee,forecast,25.0,88,1009,3.24,2026-03-31 05:30:00.000000,0.2
Trincomalee,forecast,27.28,75,1011,1.14,2026-03-31 08:30:00.000000,0.0
Trincomalee,forecast,29.11,69,1010,4.96,2026-03-31 11:30:00.000000,0.0
Trincomalee,forecast,28.93,71,1007,6.05,2026-03-31 14:30:00.000000,0.0
Trincomalee,forecast,27.78,77,1007,5.37,2026-03-31 17:30:00.000000,0.0
Trincomalee,forecast,26.9,80,1010,3.53,2026-03-31 20:30:00.000000,0.0
Trincomalee,forecast,26.4,79,1010,3.87,2026-03-31 23:30:00.000000,0.0
Trincomalee,forecast,26.31,75,1008,3.64,2026-04-01 02:30:00.000000,0.0
Trincomalee,forecast,25.75,75,1009,2.25,2026-04-01 05:30:00.000000,0.0
Trincomalee,forecast,27.77,65,1011,2.56,2026-04-01 08:30:00.000000,0.0
Trincomalee,forecast,29.14,61,1010,5.13,2026-04-01 11:30:00.000000,0.0
Trincomalee,forecast,28.66,63,1007,5.8,2026-04-01 14:30:00.000000,0.0
Trincomalee,forecast,27.79,64,1007,5.92,2026-04-01 17:30:00.000000,0.0
Trincomalee,forecast,26.87,64,1010,3.79,2026-04-01 20:30:00.000000,0.0
Trincomalee,forecast,25.79,68,1010,4.39,2026-04-01 23:30:00.000000,0.0
Trincomalee,forecast,24.63,73,1009,4.11,2026-04-02 02:30:00.000000,0.0
Trincomalee,forecast,24.18,74,1010,3.67,2026-04-02 05:30:00.000000,0.0
Trincomalee,forecast,26.41,64,1012,3.58,2026-04-02 08:30:00.000000,0.0
Trincomalee,forecast,29.7,50,1011,4.73,2026-04-02 11:30:00.000000,0.0
Trincomalee,forecast,29.06,54,1008,6.75,2026-04-02 14:30:00.000000,0.0
Trincomalee,forecast,28.03,59,1008,6.91,2026-04-02 17:30:00.000000,0.0
Trincomalee,forecast,26.47,64,1011,3.0,2026-04-02 20:30:00.000000,0.0
Kurunegala,current,23.59,95,1011,1.15,2026-03-28 17:24:38.786785,
Kurunegala,forecast,23.6,95,1010,1.2,2026-03-28 23:30:00.000000,1.0
Kurunegala,forecast,23.49,95,1009,1.22,2026-03-29 02:30:00.000000,0.0
Kurunegala,forecast,23.08,95,1009,1.14,2026-03-29 05:30:00.000000,0.0
Kurunegala,forecast,27.95,73,1011,0.89,2026-03-29 08:30:00.000000,0.0
Kurunegala,forecast,35.63,39,1009,1.4,2026-03-29 11:30:00.000000,0.0
Kurunegala,forecast,37.59,27,1005,2.84,2026-03-29 14:30:00.000000,0.0
Kurunegala,forecast,30.09,60,1006,3.58,2026-03-29 17:30:00.000000,0.0
Kurunegala,forecast,23.93,93,1010,0.27,2026-03-29 20:30:00.000000,1.0
Kurunegala,forecast,23.53,95,1010,0.86,2026-03-29 23:30:00.000000,1.0
Kurunegala,forecast,22.85,96,1008,0.95,2026-03-30 02:30:00.000000,0.0
Kurunegala,forecast,22.29,96,1009,1.17,2026-03-30 05:30:00.000000,0.0
Kurunegala,forecast,27.69,72,1011,0.73,2026-03-30 08:30:00.000000,0.0
Kurunegala,forecast,35.18,38,1010,1.27,2026-03-30 11:30:00.000000,0.0
Kurunegala,forecast,37.4,26,1006,2.61,2026-03-30 14:30:00.000000,0.0
Kurunegala,forecast,28.27,73,1007,3.29,2026-03-30 17:30:00.000000,0.57
Kurunegala,forecast,24.28,94,1011,0.89,2026-03-30 20:30:00.000000,1.0
Kurunegala,forecast,23.85,94,1011,0.98,2026-03-30 23:30:00.000000,1.0
Kurunegala,forecast,23.03,95,1009,0.96,2026-03-31 02:30:00.000000,0.0
Kurunegala,forecast,22.51,95,1009,0.98,2026-03-31 05:30:00.000000,0.0
Kurunegala,forecast,26.73,78,1012,0.37,2026-03-31 08:30:00.000000,0.0
Kurunegala,forecast,34.85,41,1010,1.24,2026-03-31 11:30:00.000000,0.0
Kurunegala,forecast,36.94,28,1006,2.38,2026-03-31 14:30:00.000000,0.0
Kurunegala,forecast,29.72,61,1007,3.09,2026-03-31 17:30:00.000000,0.0
Kurunegala,forecast,24.81,90,1010,0.96,2026-03-31 20:30:00.000000,1.0
Kurunegala,forecast,24.14,93,1011,0.96,2026-03-31 23:30:00.000000,1.0
Kurunegala,forecast,23.32,95,1009,0.85,2026-04-01 02:30:00.000000,0.0
Kurunegala,forecast,22.8,96,1009,0.91,2026-04-01 05:30:00.000000,0.0
Kurunegala,forecast,27.43,77,1011,0.5,2026-04-01 08:30:00.000000,0.0
Kurunegala,forecast,35.26,39,1009,1.43,2026-04-01 11:30:00.000000,0.0
Kurunegala,forecast,37.09,26,1005,2.7,2026-04-01 14:30:00.000000,0.0
Kurunegala,forecast,29.37,62,1007,3.09,2026-04-01 17:30:00.000000,0.0
Kurunegala,forecast,24.57,92,1010,0.68,2026-04-01 20:30:00.000000,1.0
Kurunegala,forecast,24.11,93,1011,0.63,2026-04-01 23:30:00.000000,1.0
Kurunegala,forecast,23.19,96,1009,0.99,2026-04-02 02:30:00.000000,0.0
Kurunegala,forecast,22.86,95,1009,0.8,2026-04-02 05:30:00.000000,0.0
Kurunegala,forecast,26.59,79,1011,0.49,2026-04-02 08:30:00.000000,0.0
Kurunegala,forecast,34.41,42,1010,1.51,2026-04-02 11:30:00.000000,0.0
Kurunegala,forecast,36.09,31,1006,3.64,2026-04-02 14:30:00.000000,0.0
Kurunegala,forecast,29.64,62,1008,2.95,2026-04-02 17:30:00.000000,0.0
Kurunegala,forecast,25.13,87,1011,0.91,2026-04-02 20:30:00.000000,0.71
Puttalam,current,27.92,73,1010,2.26,2026-03-28 17:24:40.245764,
Puttalam,forecast,27.81,74,1009,2.38,2026-03-28 23:30:00.000000,0.0
Puttalam,forecast,27.64,76,1008,3.71,2026-03-29 02:30:00.000000,0.0
Puttalam,forecast,27.25,79,1008,3.34,2026-03-29 05:30:00.000000,0.0
Puttalam,forecast,29.37,70,1010,3.26,2026-03-29 08:30:00.000000,0.2
Puttalam,forecast,30.77,62,1010,5.28,2026-03-29 11:30:00.000000,0.2
Puttalam,forecast,30.52,67,1006,8.28,2026-03-29 14:30:00.000000,0.0
Puttalam,forecast,29.33,72,1006,6.07,2026-03-29 17:30:00.000000,0.0
Puttalam,forecast,27.91,79,1009,3.72,2026-03-29 20:30:00.000000,1.0
Puttalam,forecast,27.6,80,1009,5.03,2026-03-29 23:30:00.000000,1.0
Puttalam,forecast,27.13,81,1007,3.96,2026-03-30 02:30:00.000000,0.0
Puttalam,forecast,27.02,82,1008,3.06,2026-03-30 05:30:00.000000,0.0
Puttalam,forecast,28.44,77,1011,3.14,2026-03-30 08:30:00.000000,0.22
Puttalam,forecast,30.4,67,1010,4.56,2026-03-30 11:30:00.000000,0.0
Puttalam,forecast,30.54,67,1007,7.2,2026-03-30 14:30:00.000000,0.0
Puttalam,forecast,29.36,72,1007,6.02,2026-03-30 17:30:00.000000,0.0
Puttalam,forecast,27.58,78,1010,2.78,2026-03-30 20:30:00.000000,1.0
Puttalam,forecast,27.2,81,1010,3.8,2026-03-30 23:30:00.000000,1.0
Puttalam,forecast,27.3,80,1008,3.86,2026-03-31 02:30:00.000000,0.66
Puttalam,forecast,26.84,81,1009,2.59,2026-03-31 05:30:00.000000,0.28
Puttalam,forecast,27.94,77,1011,3.17,2026-03-31 08:30:00.000000,0.0
Puttalam,forecast,29.79,67,1010,3.16,2026-03-31 11:30:00.000000,0.0
Puttalam,forecast,29.79,68,1007,6.29,2026-03-31 14:30:00.000000,0.0
Puttalam,forecast,29.11,71,1006,5.41,2026-03-31 17:30:00.000000,0.0
Puttalam,forecast,28.02,75,1009,1.43,2026-03-31 20:30:00.000000,0.27
Puttalam,forecast,27.76,75,1010,1.75,2026-03-31 23:30:00.000000,0.99
Puttalam,forecast,26.57,79,1008,1.89,2026-04-01 02:30:00.000000,0.21
Puttalam,forecast,25.83,83,1009,2.31,2026-04-01 05:30:00.000000,0.2
Puttalam,forecast,27.35,75,1011,2.15,2026-04-01 08:30:00.000000,0.0
Puttalam,forecast,29.82,65,1010,3.45,2026-04-01 11:30:00.000000,0.0
Puttalam,forecast,29.77,66,1007,6.29,2026-04-01 14:30:00.000000,0.0
Puttalam,forecast,28.94,70,1007,5.14,2026-04-01 17:30:00.000000,0.0
Puttalam,forecast,28.04,73,1010,1.28,2026-04-01 20:30:00.000000,0.77
Puttalam,forecast,27.72,75,1010,1.08,2026-04-01 23:30:00.000000,0.97
Puttalam,forecast,26.96,77,1008,1.03,2026-04-02 02:30:00.000000,0.22
Puttalam,forecast,26.72,78,1009,0.81,2026-04-02 05:30:00.000000,0.15
Puttalam,forecast,28.34,71,1011,0.87,2026-04-02 08:30:00.000000,0.17
Puttalam,forecast,29.42,67,1011,3.58,2026-04-02 11:30:00.000000,0.4
Puttalam,forecast,29.65,68,1008,6.27,2026-04-02 14:30:00.000000,0.0
Puttalam,forecast,28.67,71,1008,5.62,2026-04-02 17:30:00.000000,0.0
Puttalam,forecast,28.08,73,1011,2.01,2026-04-02 20:30:00.000000,0.0
Anuradhapura,current,25.3,83,1010,1.78,2026-03-28 17:24:42.081373,
Anuradhapura,forecast,24.42,87,1010,1.57,2026-03-28 23:30:00.000000,0.63
Anuradhapura,forecast,24.21,88,1009,2.28,2026-03-29 02:30:00.000000,0.0
Anuradhapura,forecast,23.49,93,1009,1.72,2026-03-29 05:30:00.000000,0.0
Anuradhapura,forecast,28.14,71,1011,2.25,2026-03-29 08:30:00.000000,0.0
Anuradhapura,forecast,35.6,36,1009,2.27,2026-03-29 11:30:00.000000,0.0
Anuradhapura,forecast,39.59,22,1004,0.59,2026-03-29 14:30:00.000000,0.0
Anuradhapura,forecast,32.0,51,1006,4.47,2026-03-29 17:30:00.000000,0.0
Anuradhapura,forecast,26.5,81,1009,0.52,2026-03-29 20:30:00.000000,1.0
Anuradhapura,forecast,26.05,86,1010,0.71,2026-03-29 23:30:00.000000,1.0
Anuradhapura,forecast,24.6,90,1007,1.83,2026-03-30 02:30:00.000000,0.2
Anuradhapura,forecast,23.1,96,1009,1.36,2026-03-30 05:30:00.000000,0.0
Anuradhapura,forecast,27.67,76,1011,1.72,2026-03-30 08:30:00.000000,0.0
Anuradhapura,forecast,35.25,37,1010,2.18,2026-03-30 11:30:00.000000,0.0
Anuradhapura,forecast,38.89,22,1006,1.78,2026-03-30 14:30:00.000000,0.0
Anuradhapura,forecast,32.02,51,1007,4.29,2026-03-30 17:30:00.000000,0.2
Anuradhapura,forecast,26.36,80,1010,0.32,2026-03-30 20:30:00.000000,1.0
Anuradhapura,forecast,25.17,87,1011,0.85,2026-03-30 23:30:00.000000,1.0
Anuradhapura,forecast,24.22,91,1009,0.9,2026-03-31 02:30:00.000000,0.0
Anuradhapura,forecast,23.54,94,1009,0.4,2026-03-31 05:30:00.000000,0.0
Anuradhapura,forecast,27.47,76,1012,1.16,2026-03-31 08:30:00.000000,0.0
Anuradhapura,forecast,35.23,40,1010,0.82,2026-03-31 11:30:00.000000,0.0
Anuradhapura,forecast,38.03,25,1006,1.06,2026-03-31 14:30:00.000000,0.0
Anuradhapura,forecast,31.48,53,1007,3.71,2026-03-31 17:30:00.000000,0.2
Anuradhapura,forecast,25.47,86,1010,2.22,2026-03-31 20:30:00.000000,1.0
Anuradhapura,forecast,24.62,91,1010,3.04,2026-03-31 23:30:00.000000,1.0
Anuradhapura,forecast,23.77,94,1009,2.49,2026-04-01 02:30:00.000000,0.0
Anuradhapura,forecast,23.3,96,1009,1.99,2026-04-01 05:30:00.000000,0.0
Anuradhapura,forecast,27.97,72,1011,1.43,2026-04-01 08:30:00.000000,0.0
Anuradhapura,forecast,35.39,36,1009,1.31,2026-04-01 11:30:00.000000,0.0
Anuradhapura,forecast,38.7,23,1005,0.27,2026-04-01 14:30:00.000000,0.0
Anuradhapura,forecast,31.07,54,1007,4.3,2026-04-01 17:30:00.000000,0.2
Anuradhapura,forecast,25.89,73,1010,2.49,2026-04-01 20:30:00.000000,0.98
Anuradhapura,forecast,24.34,76,1010,3.22,2026-04-01 23:30:00.000000,0.84
Anuradhapura,forecast,23.61,75,1009,2.63,2026-04-02 02:30:00.000000,0.0
Anuradhapura,forecast,23.23,81,1009,1.61,2026-04-02 05:30:00.000000,0.0
Anuradhapura,forecast,27.59,68,1011,1.31,2026-04-02 08:30:00.000000,0.0
Anuradhapura,forecast,35.28,39,1010,1.08,2026-04-02 11:30:00.000000,0.0
Anuradhapura,forecast,37.57,25,1006,1.87,2026-04-02 14:30:00.000000,0.0
Anuradhapura,forecast,31.28,55,1007,5.34,2026-04-02 17:30:00.000000,0.0
Anuradhapura,forecast,25.79,84,1011,1.55,2026-04-02 20:30:00.000000,1.0
Polonnaruwa,current,24.6,81,1010,1.03,2026-03-28 17:24:43.765408,
Polonnaruwa,forecast,24.13,82,1010,1.16,2026-03-28 23:30:00.000000,0.38
Polonnaruwa,forecast,23.9,84,1009,0.6,2026-03-29 02:30:00.000000,0.0
Polonnaruwa,forecast,23.16,88,1009,0.4,2026-03-29 05:30:00.000000,0.0
Polonnaruwa,forecast,27.91,69,1011,0.13,2026-03-29 08:30:00.000000,0.0
Polonnaruwa,forecast,33.98,46,1009,1.84,2026-03-29 11:30:00.000000,0.0
Polonnaruwa,forecast,35.68,35,1005,3.99,2026-03-29 14:30:00.000000,0.0
Polonnaruwa,forecast,32.62,46,1005,4.29,2026-03-29 17:30:00.000000,0.0
Polonnaruwa,forecast,24.83,90,1009,1.75,2026-03-29 20:30:00.000000,0.72
Polonnaruwa,forecast,24.09,95,1010,1.09,2026-03-29 23:30:00.000000,0.12
Polonnaruwa,forecast,23.49,96,1007,1.2,2026-03-30 02:30:00.000000,0.0
Polonnaruwa,forecast,22.8,96,1009,0.75,2026-03-30 05:30:00.000000,0.0
Polonnaruwa,forecast,27.84,72,1011,1.18,2026-03-30 08:30:00.000000,0.0
Polonnaruwa,forecast,33.85,43,1010,2.61,2026-03-30 11:30:00.000000,0.0
Polonnaruwa,forecast,35.93,30,1006,3.56,2026-03-30 14:30:00.000000,0.0
Polonnaruwa,forecast,31.92,49,1006,5.0,2026-03-30 17:30:00.000000,0.0
Polonnaruwa,forecast,24.42,89,1011,0.97,2026-03-30 20:30:00.000000,0.98
Polonnaruwa,forecast,24.0,92,1011,0.53,2026-03-30 23:30:00.000000,0.22
Polonnaruwa,forecast,23.09,94,1009,0.56,2026-03-31 02:30:00.000000,0.0
Polonnaruwa,forecast,22.64,96,1009,0.2,2026-03-31 05:30:00.000000,0.0
Polonnaruwa,forecast,27.69,75,1012,0.81,2026-03-31 08:30:00.000000,0.0
Polonnaruwa,forecast,34.26,43,1010,1.25,2026-03-31 11:30:00.000000,0.0
Polonnaruwa,forecast,36.19,31,1006,3.14,2026-03-31 14:30:00.000000,0.0
Polonnaruwa,forecast,30.41,63,1006,6.12,2026-03-31 17:30:00.000000,0.0
Polonnaruwa,forecast,24.61,89,1010,1.76,2026-03-31 20:30:00.000000,0.72
Polonnaruwa,forecast,23.83,94,1011,1.65,2026-03-31 23:30:00.000000,0.56
Polonnaruwa,forecast,23.29,96,1009,1.3,2026-04-01 02:30:00.000000,0.0
Polonnaruwa,forecast,23.14,95,1009,0.56,2026-04-01 05:30:00.000000,0.0
Polonnaruwa,forecast,27.8,72,1011,1.58,2026-04-01 08:30:00.000000,0.0
Polonnaruwa,forecast,33.54,40,1010,3.25,2026-04-01 11:30:00.000000,0.0
Polonnaruwa,forecast,35.39,31,1006,3.8,2026-04-01 14:30:00.000000,0.0
Polonnaruwa,forecast,29.62,58,1006,5.57,2026-04-01 17:30:00.000000,0.0
Polonnaruwa,forecast,24.22,78,1011,0.75,2026-04-01 20:30:00.000000,0.0
Polonnaruwa,forecast,22.93,79,1011,1.6,2026-04-01 23:30:00.000000,0.0
Polonnaruwa,forecast,22.42,81,1009,1.54,2026-04-02 02:30:00.000000,0.0
Polonnaruwa,forecast,21.82,87,1010,1.2,2026-04-02 05:30:00.000000,0.0
Polonnaruwa,forecast,27.19,60,1012,1.92,2026-04-02 08:30:00.000000,0.0
Polonnaruwa,forecast,33.25,36,1010,3.02,2026-04-02 11:30:00.000000,0.0
Polonnaruwa,forecast,35.36,23,1007,3.89,2026-04-02 14:30:00.000000,0.0
Polonnaruwa,forecast,30.22,45,1007,5.44,2026-04-02 17:30:00.000000,0.0
Polonnaruwa,forecast,23.89,68,1011,1.42,2026-04-02 20:30:00.000000,0.0
Badulla,current,20.83,91,1013,0.95,2026-03-28 17:24:45.195085,
Badulla,forecast,20.73,91,1012,1.01,2026-03-28 23:30:00.000000,0.0
Badulla,forecast,20.77,89,1011,1.35,2026-03-29 02:30:00.000000,0.0
Badulla,forecast,20.18,86,1011,2.04,2026-03-29 05:30:00.000000,0.0
Badulla,forecast,24.94,69,1012,1.54,2026-03-29 08:30:00.000000,0.0
Badulla,forecast,29.03,52,1011,2.61,2026-03-29 11:30:00.000000,0.0
Badulla,forecast,30.8,37,1008,2.63,2026-03-29 14:30:00.000000,0.01
Badulla,forecast,26.09,67,1008,2.16,2026-03-29 17:30:00.000000,0.36
Badulla,forecast,21.22,91,1011,2.87,2026-03-29 20:30:00.000000,0.0
Badulla,forecast,20.46,84,1012,1.82,2026-03-29 23:30:00.000000,0.0
Badulla,forecast,19.82,86,1010,1.65,2026-03-30 02:30:00.000000,0.0
Badulla,forecast,19.43,88,1011,1.59,2026-03-30 05:30:00.000000,0.0
Badulla,forecast,25.2,71,1013,1.14,2026-03-30 08:30:00.000000,0.0
Badulla,forecast,29.55,44,1012,2.07,2026-03-30 11:30:00.000000,0.0
Badulla,forecast,30.79,40,1009,2.6,2026-03-30 14:30:00.000000,0.0
Badulla,forecast,26.42,66,1009,2.26,2026-03-30 17:30:00.000000,0.43
Badulla,forecast,20.97,90,1013,3.0,2026-03-30 20:30:00.000000,0.13
Badulla,forecast,20.4,86,1013,2.16,2026-03-30 23:30:00.000000,0.0
Badulla,forecast,20.17,85,1011,1.51,2026-03-31 02:30:00.000000,0.0
Badulla,forecast,19.32,87,1011,1.49,2026-03-31 05:30:00.000000,0.0
Badulla,forecast,24.42,73,1013,1.5,2026-03-31 08:30:00.000000,0.0
Badulla,forecast,29.03,48,1012,2.48,2026-03-31 11:30:00.000000,0.0
Badulla,forecast,30.58,40,1008,3.01,2026-03-31 14:30:00.000000,0.0
Badulla,forecast,25.86,69,1009,2.14,2026-03-31 17:30:00.000000,0.45
Badulla,forecast,21.07,96,1012,2.91,2026-03-31 20:30:00.000000,0.36
Badulla,forecast,20.41,92,1013,1.81,2026-03-31 23:30:00.000000,0.17
Badulla,forecast,19.93,89,1011,1.68,2026-04-01 02:30:00.000000,0.0
Badulla,forecast,19.27,90,1011,1.53,2026-04-01 05:30:00.000000,0.0
Badulla,forecast,24.06,76,1013,1.4,2026-04-01 08:30:00.000000,0.0
Badulla,forecast,28.67,47,1011,2.41,2026-04-01 11:30:00.000000,0.0
Badulla,forecast,30.15,41,1008,2.7,2026-04-01 14:30:00.000000,0.0
Badulla,forecast,25.73,66,1009,1.85,2026-04-01 17:30:00.000000,0.2
Badulla,forecast,20.5,92,1012,1.99,2026-04-01 20:30:00.000000,0.0
Badulla,forecast,20.04,87,1013,1.14,2026-04-01 23:30:00.000000,0.0
Badulla,forecast,19.5,87,1011,1.44,2026-04-02 02:30:00.000000,0.0
Badulla,forecast,19.66,84,1012,2.1,2026-04-02 05:30:00.000000,0.0
Badulla,forecast,24.48,68,1013,1.11,2026-04-02 08:30:00.000000,0.0
Badulla,forecast,29.05,39,1012,2.16,2026-04-02 11:30:00.000000,0.0
Badulla,forecast,30.05,31,1009,2.85,2026-04-02 14:30:00.000000,0.0
Badulla,forecast,26.06,48,1010,2.21,2026-04-02 17:30:00.000000,0.0
Badulla,forecast,20.56,59,1013,2.86,2026-04-02 20:30:00.000000,0.0
Monaragala,current,23.7,93,1011,0.17,2026-03-28 17:24:46.806555,
Monaragala,forecast,23.66,94,1010,0.39,2026-03-28 23:30:00.000000,0.25
Monaragala,forecast,23.53,94,1009,0.28,2026-03-29 02:30:00.000000,0.0
Monaragala,forecast,23.02,94,1009,0.63,2026-03-29 05:30:00.000000,0.0
Monaragala,forecast,27.5,76,1011,0.79,2026-03-29 08:30:00.000000,0.0
Monaragala,forecast,33.93,46,1010,1.5,2026-03-29 11:30:00.000000,0.0
Monaragala,forecast,35.69,35,1005,4.23,2026-03-29 14:30:00.000000,0.0
Monaragala,forecast,28.75,71,1007,2.49,2026-03-29 17:30:00.000000,0.74
Monaragala,forecast,24.88,88,1010,2.24,2026-03-29 20:30:00.000000,0.2
Monaragala,forecast,23.49,94,1010,1.12,2026-03-29 23:30:00.000000,0.0
Monaragala,forecast,22.81,92,1008,0.79,2026-03-30 02:30:00.000000,0.0
Monaragala,forecast,22.3,91,1009,1.07,2026-03-30 05:30:00.000000,0.0
Monaragala,forecast,28.05,70,1011,0.47,2026-03-30 08:30:00.000000,0.0
Monaragala,forecast,34.2,41,1010,1.72,2026-03-30 11:30:00.000000,0.0
Monaragala,forecast,35.39,36,1007,3.09,2026-03-30 14:30:00.000000,0.0
Monaragala,forecast,29.01,66,1008,3.66,2026-03-30 17:30:00.000000,0.54
Monaragala,forecast,25.74,82,1011,2.1,2026-03-30 20:30:00.000000,0.22
Monaragala,forecast,24.18,92,1011,1.7,2026-03-30 23:30:00.000000,0.2
Monaragala,forecast,23.58,93,1009,0.9,2026-03-31 02:30:00.000000,0.3
Monaragala,forecast,22.76,93,1010,0.55,2026-03-31 05:30:00.000000,0.0
Monaragala,forecast,27.57,74,1012,0.43,2026-03-31 08:30:00.000000,0.0
Monaragala,forecast,34.26,42,1010,0.83,2026-03-31 11:30:00.000000,0.0
Monaragala,forecast,35.51,34,1006,3.57,2026-03-31 14:30:00.000000,0.0
Monaragala,forecast,28.06,73,1008,2.74,2026-03-31 17:30:00.000000,0.8
Monaragala,forecast,25.3,86,1011,1.62,2026-03-31 20:30:00.000000,0.65
Monaragala,forecast,25.14,87,1011,1.13,2026-03-31 23:30:00.000000,0.46
Monaragala,forecast,24.24,90,1009,0.86,2026-04-01 02:30:00.000000,0.76
Monaragala,forecast,22.97,93,1010,0.04,2026-04-01 05:30:00.000000,0.57
Monaragala,forecast,26.86,78,1012,1.37,2026-04-01 08:30:00.000000,0.32
Monaragala,forecast,33.0,44,1010,2.06,2026-04-01 11:30:00.000000,0.37
Monaragala,forecast,34.97,33,1006,3.77,2026-04-01 14:30:00.000000,0.0
Monaragala,forecast,28.61,59,1008,3.95,2026-04-01 17:30:00.000000,0.0
Monaragala,forecast,23.34,78,1011,0.69,2026-04-01 20:30:00.000000,0.0
Monaragala,forecast,22.82,80,1012,0.37,2026-04-01 23:30:00.000000,0.0
Monaragala,forecast,22.14,81,1010,0.48,2026-04-02 02:30:00.000000,0.0
Monaragala,forecast,21.47,82,1011,0.7,2026-04-02 05:30:00.000000,0.0
Monaragala,forecast,26.8,57,1012,1.41,2026-04-02 08:30:00.000000,0.0
Monaragala,forecast,33.11,30,1011,1.84,2026-04-02 11:30:00.000000,0.0
Monaragala,forecast,35.06,23,1008,2.84,2026-04-02 14:30:00.000000,0.0
Monaragala,forecast,29.69,41,1008,3.47,2026-04-02 17:30:00.000000,0.0
Monaragala,forecast,22.82,66,1012,1.27,2026-04-02 20:30:00.000000,0.0
Ratnapura,current,24.61,95,1011,0.7,2026-03-28 17:24:48.271447,
Ratnapura,forecast,24.41,96,1011,0.39,2026-03-28 23:30:00.000000,0.48
Ratnapura,forecast,24.22,97,1010,0.24,2026-03-29 02:30:00.000000,0.0
Ratnapura,forecast,23.8,98,1010,0.84,2026-03-29 05:30:00.000000,0.0
Ratnapura,forecast,28.13,79,1011,0.55,2026-03-29 08:30:00.000000,0.0
Ratnapura,forecast,33.78,51,1010,2.05,2026-03-29 11:30:00.000000,0.34
Ratnapura,forecast,29.56,69,1007,2.03,2026-03-29 14:30:00.000000,0.92
Ratnapura,forecast,26.87,87,1008,1.3,2026-03-29 17:30:00.000000,1.0
Ratnapura,forecast,24.35,95,1010,0.97,2026-03-29 20:30:00.000000,0.96
Ratnapura,forecast,23.91,96,1011,0.45,2026-03-29 23:30:00.000000,0.89
Ratnapura,forecast,23.34,97,1008,0.7,2026-03-30 02:30:00.000000,0.0
Ratnapura,forecast,22.97,97,1010,1.01,2026-03-30 05:30:00.000000,0.0
Ratnapura,forecast,28.17,76,1012,0.59,2026-03-30 08:30:00.000000,0.0
Ratnapura,forecast,35.25,44,1010,1.24,2026-03-30 11:30:00.000000,0.0
Ratnapura,forecast,34.86,42,1007,2.52,2026-03-30 14:30:00.000000,0.0
Ratnapura,forecast,26.5,87,1009,1.39,2026-03-30 17:30:00.000000,1.0
Ratnapura,forecast,24.33,94,1012,1.21,2026-03-30 20:30:00.000000,0.98
Ratnapura,forecast,23.8,95,1012,0.99,2026-03-30 23:30:00.000000,0.83
Ratnapura,forecast,23.29,95,1009,1.04,2026-03-31 02:30:00.000000,0.0
Ratnapura,forecast,22.9,94,1010,1.2,2026-03-31 05:30:00.000000,0.0
Ratnapura,forecast,27.4,77,1012,0.1,2026-03-31 08:30:00.000000,0.0
Ratnapura,forecast,34.48,46,1010,1.22,2026-03-31 11:30:00.000000,0.0
Ratnapura,forecast,35.14,38,1006,1.62,2026-03-31 14:30:00.000000,0.0
Ratnapura,forecast,26.75,85,1008,1.37,2026-03-31 17:30:00.000000,1.0
Ratnapura,forecast,24.37,94,1011,1.63,2026-03-31 20:30:00.000000,1.0
Ratnapura,forecast,23.86,94,1011,1.32,2026-03-31 23:30:00.000000,0.74
Ratnapura,forecast,23.18,93,1009,1.43,2026-04-01 02:30:00.000000,0.0
Ratnapura,forecast,22.85,92,1010,1.32,2026-04-01 05:30:00.000000,0.0
Ratnapura,forecast,28.24,71,1012,0.63,2026-04-01 08:30:00.000000,0.0
Ratnapura,forecast,34.81,44,1010,0.58,2026-04-01 11:30:00.000000,0.0
Ratnapura,forecast,33.91,44,1006,1.95,2026-04-01 14:30:00.000000,0.0
Ratnapura,forecast,27.27,83,1008,1.46,2026-04-01 17:30:00.000000,1.0
Ratnapura,forecast,24.4,94,1011,1.5,2026-04-01 20:30:00.000000,1.0
Ratnapura,forecast,23.61,94,1011,1.53,2026-04-01 23:30:00.000000,0.8
Ratnapura,forecast,22.85,93,1009,1.55,2026-04-02 02:30:00.000000,0.0
Ratnapura,forecast,22.23,92,1010,1.72,2026-04-02 05:30:00.000000,0.0
Ratnapura,forecast,27.6,68,1012,0.95,2026-04-02 08:30:00.000000,0.0
Ratnapura,forecast,34.83,41,1011,0.75,2026-04-02 11:30:00.000000,0.0
Ratnapura,forecast,36.31,26,1007,1.53,2026-04-02 14:30:00.000000,0.0
Ratnapura,forecast,29.14,58,1009,2.19,2026-04-02 17:30:00.000000,0.0
Ratnapura,forecast,24.19,75,1012,1.41,2026-04-02 20:30:00.000000,0.0
Kegalle,current,23.28,95,1011,0.78,2026-03-28 17:24:49.794811,
Kegalle,forecast,23.29,95,1010,1.07,2026-03-28 23:30:00.000000,1.0
Kegalle,forecast,23.18,95,1009,1.14,2026-03-29 02:30:00.000000,0.0
Kegalle,forecast,22.68,95,1009,1.34,2026-03-29 05:30:00.000000,0.0
Kegalle,forecast,27.47,73,1011,0.7,2026-03-29 08:30:00.000000,0.0
Kegalle,forecast,34.11,43,1010,1.5,2026-03-29 11:30:00.000000,0.0
Kegalle,forecast,35.21,35,1005,4.21,2026-03-29 14:30:00.000000,0.0
Kegalle,forecast,28.48,65,1007,2.98,2026-03-29 17:30:00.000000,0.26
Kegalle,forecast,23.66,91,1010,1.32,2026-03-29 20:30:00.000000,0.97
Kegalle,forecast,22.87,94,1010,1.15,2026-03-29 23:30:00.000000,0.98
Kegalle,forecast,22.25,94,1008,0.93,2026-03-30 02:30:00.000000,0.0
Kegalle,forecast,21.81,95,1009,1.22,2026-03-30 05:30:00.000000,0.0
Kegalle,forecast,27.53,70,1011,0.26,2026-03-30 08:30:00.000000,0.0
Kegalle,forecast,34.25,40,1010,1.77,2026-03-30 11:30:00.000000,0.0
Kegalle,forecast,36.32,30,1006,3.38,2026-03-30 14:30:00.000000,0.0
Kegalle,forecast,27.25,78,1008,2.75,2026-03-30 17:30:00.000000,0.75
Kegalle,forecast,24.23,90,1011,1.34,2026-03-30 20:30:00.000000,0.94
Kegalle,forecast,22.85,94,1011,1.33,2026-03-30 23:30:00.000000,1.0
Kegalle,forecast,22.36,94,1009,1.02,2026-03-31 02:30:00.000000,0.0
Kegalle,forecast,21.77,93,1010,1.17,2026-03-31 05:30:00.000000,0.0
Kegalle,forecast,26.58,73,1012,0.32,2026-03-31 08:30:00.000000,0.0
Kegalle,forecast,34.09,42,1010,1.53,2026-03-31 11:30:00.000000,0.0
Kegalle,forecast,35.62,31,1006,2.97,2026-03-31 14:30:00.000000,0.0
Kegalle,forecast,27.76,70,1007,2.69,2026-03-31 17:30:00.000000,0.21
Kegalle,forecast,24.18,90,1010,0.96,2026-03-31 20:30:00.000000,0.69
Kegalle,forecast,23.39,94,1011,0.91,2026-03-31 23:30:00.000000,0.88
Kegalle,forecast,22.61,95,1009,0.92,2026-04-01 02:30:00.000000,0.0
Kegalle,forecast,22.12,95,1010,1.05,2026-04-01 05:30:00.000000,0.0
Kegalle,forecast,27.25,73,1011,0.65,2026-04-01 08:30:00.000000,0.0
Kegalle,forecast,34.14,40,1009,1.83,2026-04-01 11:30:00.000000,0.0
Kegalle,forecast,36.23,28,1005,3.11,2026-04-01 14:30:00.000000,0.0
Kegalle,forecast,27.39,73,1007,2.75,2026-04-01 17:30:00.000000,0.4
Kegalle,forecast,23.93,93,1010,0.62,2026-04-01 20:30:00.000000,1.0
Kegalle,forecast,23.31,94,1011,0.74,2026-04-01 23:30:00.000000,1.0
Kegalle,forecast,22.6,96,1009,1.11,2026-04-02 02:30:00.000000,0.0
Kegalle,forecast,22.11,95,1010,1.01,2026-04-02 05:30:00.000000,0.0
Kegalle,forecast,26.1,77,1012,0.31,2026-04-02 08:30:00.000000,0.0
Kegalle,forecast,33.46,43,1010,1.77,2026-04-02 11:30:00.000000,0.0
Kegalle,forecast,35.42,33,1006,3.35,2026-04-02 14:30:00.000000,0.0
Kegalle,forecast,27.19,72,1008,2.3,2026-04-02 17:30:00.000000,0.2
Kegalle,forecast,24.24,85,1011,0.47,2026-04-02 20:30:00.000000,0.45
