city,type,temperature,humidity,pressure,wind_speed,timestamp,rain_probability,hour,day,month,temp_lag_1,temp_lag_2,temp_lag_3,humidity_lag_1,pressure_lag_1
Ampara,forecast,23.8,89,1009,1.52,2026-03-29 05:30:00,0.0,5,29,3,24.15,24.42,24.66,85.0,1009.0
Ampara,forecast,27.42,78,1011,0.93,2026-03-29 08:30:00,0.0,8,29,3,23.8,24.15,24.42,89.0,1009.0
Ampara,forecast,31.38,61,1010,3.76,2026-03-29 11:30:00,0.2,11,29,3,27.42,23.8,24.15,78.0,1011.0
Ampara,forecast,31.24,62,1006,5.52,2026-03-29 14:30:00,0.0,14,29,3,31.38,27.42,23.8,61.0,1010.0
Ampara,forecast,27.96,78,1007,3.94,2026-03-29 17:30:00,0.0,17,29,3,31.24,31.38,27.42,62.0,1006.0
Ampara,forecast,25.57,85,1009,3.49,2026-03-29 20:30:00,0.0,20,29,3,27.96,31.24,31.38,78.0,1007.0
Ampara,forecast,24.5,90,1009,1.54,2026-03-29 23:30:00,0.0,23,29,3,25.57,27.96,31.24,85.0,1009.0
Ampara,forecast,23.6,94,1008,1.22,2026-03-30 02:30:00,0.0,2,30,3,24.5,25.57,27.96,90.0,1009.0
Ampara,forecast,23.2,95,1009,1.16,2026-03-30 05:30:00,0.0,5,30,3,23.6,24.5,25.57,94.0,1008.0
Ampara,forecast,28.3,72,1011,1.13,2026-03-30 08:30:00,0.0,8,30,3,23.2,23.6,24.5,95.0,1009.0
Ampara,forecast,32.06,54,1010,3.77,2026-03-30 11:30:00,0.0,11,30,3,28.3,23.2,23.6,72.0,1011.0
Ampara,forecast,31.55,58,1007,5.4,2026-03-30 14:30:00,0.0,14,30,3,32.06,28.3,23.2,54.0,1010.0
Ampara,forecast,28.27,72,1008,4.0,2026-03-30 17:30:00,0.0,17,30,3,31.55,32.06,28.3,58.0,1007.0
Ampara,forecast,25.74,80,1011,2.86,2026-03-30 20:30:00,0.0,20,30,3,28.27,31.55,32.06,72.0,1008.0
Ampara,forecast,24.74,86,1011,1.94,2026-03-30 23:30:00,0.0,23,30,3,25.74,28.27,31.55,80.0,1011.0
Ampara,forecast,23.95,91,1008,1.51,2026-03-31 02:30:00,0.0,2,31,3,24.74,25.74,28.27,86.0,1011.0
Ampara,forecast,23.38,94,1009,1.23,2026-03-31 05:30:00,0.0,5,31,3,23.95,24.74,25.74,91.0,1008.0
Ampara,forecast,28.14,73,1012,1.39,2026-03-31 08:30:00,0.27,8,31,3,23.38,23.95,24.74,94.0,1009.0
Ampara,forecast,32.02,56,1010,3.72,2026-03-31 11:30:00,0.2,11,31,3,28.14,23.38,23.95,73.0,1012.0
Ampara,forecast,30.8,63,1007,5.6,2026-03-31 14:30:00,0.0,14,31,3,32.02,28.14,23.38,56.0,1010.0
Ampara,forecast,27.79,75,1008,3.71,2026-03-31 17:30:00,0.0,17,31,3,30.8,32.02,28.14,63.0,1007.0
Ampara,forecast,25.34,86,1010,2.66,2026-03-31 20:30:00,0.0,20,31,3,27.79,30.8,32.02,75.0,1008.0
Ampara,forecast,24.94,88,1011,1.88,2026-03-31 23:30:00,0.2,23,31,3,25.34,27.79,30.8,86.0,1010.0
Ampara,forecast,24.88,87,1008,1.89,2026-04-01 02:30:00,0.2,2,1,4,24.94,25.34,27.79,88.0,1011.0
Ampara,forecast,24.11,89,1009,1.56,2026-04-01 05:30:00,0.22,5,1,4,24.88,24.94,25.34,87.0,1008.0
Ampara,forecast,27.84,72,1011,2.67,2026-04-01 08:30:00,0.0,8,1,4,24.11,24.88,24.94,89.0,1009.0
Ampara,forecast,31.11,55,1010,4.08,2026-04-01 11:30:00,0.2,11,1,4,27.84,24.11,24.88,72.0,1011.0
Ampara,forecast,30.61,55,1007,5.42,2026-04-01 14:30:00,0.0,14,1,4,31.11,27.84,24.11,55.0,1010.0
Ampara,forecast,27.17,67,1008,3.45,2026-04-01 17:30:00,0.0,17,1,4,30.61,31.11,27.84,55.0,1007.0
Ampara,forecast,24.34,71,1011,1.87,2026-04-01 20:30:00,0.0,20,1,4,27.17,30.61,31.11,67.0,1008.0
Ampara,forecast,23.27,74,1011,1.41,2026-04-01 23:30:00,0.0,23,1,4,24.34,27.17,30.61,71.0,1011.0
Ampara,forecast,22.1,78,1009,1.57,2026-04-02 02:30:00,0.0,2,2,4,23.27,24.34,27.17,74.0,1011.0
Ampara,forecast,21.51,80,1010,2.21,2026-04-02 05:30:00,0.0,5,2,4,22.1,23.27,24.34,78.0,1009.0
Ampara,forecast,25.86,64,1012,2.2,2026-04-02 08:30:00,0.0,8,2,4,21.51,22.1,23.27,80.0,1010.0
Ampara,forecast,31.32,41,1011,3.73,2026-04-02 11:30:00,0.0,11,2,4,25.86,21.51,22.1,64.0,1012.0
Ampara,forecast,30.1,47,1008,5.0,2026-04-02 14:30:00,0.0,14,2,4,31.32,25.86,21.51,41.0,1011.0
Ampara,forecast,26.88,61,1009,3.89,2026-04-02 17:30:00,0.0,17,2,4,30.1,31.32,25.86,47.0,1008.0
Ampara,forecast,23.75,72,1011,2.26,2026-04-02 20:30:00,0.0,20,2,4,26.88,30.1,31.32,61.0,1009.0
Anuradhapura,forecast,23.49,93,1009,1.72,2026-03-29 05:30:00,0.0,5,29,3,24.21,24.42,25.3,88.0,1009.0
Anuradhapura,forecast,28.14,71,1011,2.25,2026-03-29 08:30:00,0.0,8,29,3,23.49,24.21,24.42,93.0,1009.0
Anuradhapura,forecast,35.6,36,1009,2.27,2026-03-29 11:30:00,0.0,11,29,3,28.14,23.49,24.21,71.0,1011.0
Anuradhapura,forecast,39.59,22,1004,0.59,2026-03-29 14:30:00,0.0,14,29,3,35.6,28.14,23.49,36.0,1009.0
Anuradhapura,forecast,32.0,51,1006,4.47,2026-03-29 17:30:00,0.0,17,29,3,39.59,35.6,28.14,22.0,1004.0
Anuradhapura,forecast,26.5,81,1009,0.52,2026-03-29 20:30:00,1.0,20,29,3,32.0,39.59,35.6,51.0,1006.0
Anuradhapura,forecast,26.05,86,1010,0.71,2026-03-29 23:30:00,1.0,23,29,3,26.5,32.0,39.59,81.0,1009.0
Anuradhapura,forecast,24.6,90,1007,1.83,2026-03-30 02:30:00,0.2,2,30,3,26.05,26.5,32.0,86.0,1010.0
Anuradhapura,forecast,23.1,96,1009,1.36,2026-03-30 05:30:00,0.0,5,30,3,24.6,26.05,26.5,90.0,1007.0
Anuradhapura,forecast,27.67,76,1011,1.72,2026-03-30 08:30:00,0.0,8,30,3,23.1,24.6,26.05,96.0,1009.0
Anuradhapura,forecast,35.25,37,1010,2.18,2026-03-30 11:30:00,0.0,11,30,3,27.67,23.1,24.6,76.0,1011.0
Anuradhapura,forecast,38.89,22,1006,1.78,2026-03-30 14:30:00,0.0,14,30,3,35.25,27.67,23.1,37.0,1010.0
Anuradhapura,forecast,32.02,51,1007,4.29,2026-03-30 17:30:00,0.2,17,30,3,38.89,35.25,27.67,22.0,1006.0
Anuradhapura,forecast,26.36,80,1010,0.32,2026-03-30 20:30:00,1.0,20,30,3,32.02,38.89,35.25,51.0,1007.0
Anuradhapura,forecast,25.17,87,1011,0.85,2026-03-30 23:30:00,1.0,23,30,3,26.36,32.02,38.89,80.0,1010.0
Anuradhapura,forecast,24.22,91,1009,0.9,2026-03-31 02:30:00,0.0,2,31,3,25.17,26.36,32.02,87.0,1011.0
Anuradhapura,forecast,23.54,94,1009,0.4,2026-03-31 05:30:00,0.0,5,31,3,24.22,25.17,26.36,91.0,1009.0
Anuradhapura,forecast,27.47,76,1012,1.16,2026-03-31 08:30:00,0.0,8,31,3,23.54,24.22,25.17,94.0,1009.0
Anuradhapura,forecast,35.23,40,1010,0.82,2026-03-31 11:30:00,0.0,11,31,3,27.47,23.54,24.22,76.0,1012.0
Anuradhapura,forecast,38.03,25,1006,1.06,2026-03-31 14:30:00,0.0,14,31,3,35.23,27.47,23.54,40.0,1010.0
Anuradhapura,forecast,31.48,53,1007,3.71,2026-03-31 17:30:00,0.2,17,31,3,38.03,35.23,27.47,25.0,1006.0
Anuradhapura,forecast,25.47,86,1010,2.22,2026-03-31 20:30:00,1.0,20,31,3,31.48,38.03,35.23,53.0,1007.0
Anuradhapura,forecast,24.62,91,1010,3.04,2026-03-31 23:30:00,1.0,23,31,3,25.47,31.48,38.03,86.0,1010.0
Anuradhapura,forecast,23.77,94,1009,2.49,2026-04-01 02:30:00,0.0,2,1,4,24.62,25.47,31.48,91.0,1010.0
Anuradhapura,forecast,23.3,96,1009,1.99,2026-04-01 05:30:00,0.0,5,1,4,23.77,24.62,25.47,94.0,1009.0
Anuradhapura,forecast,27.97,72,1011,1.43,2026-04-01 08:30:00,0.0,8,1,4,23.3,23.77,24.62,96.0,1009.0
Anuradhapura,forecast,35.39,36,1009,1.31,2026-04-01 11:30:00,0.0,11,1,4,27.97,23.3,23.77,72.0,1011.0
Anuradhapura,forecast,38.7,23,1005,0.27,2026-04-01 14:30:00,0.0,14,1,4,35.39,27.97,23.3,36.0,1009.0
Anuradhapura,forecast,31.07,54,1007,4.3,2026-04-01 17:30:00,0.2,17,1,4,38.7,35.39,27.97,23.0,1005.0
Anuradhapura,forecast,25.89,73,1010,2.49,2026-04-01 20:30:00,0.98,20,1,4,31.07,38.7,35.39,54.0,1007.0
Anuradhapura,forecast,24.34,76,1010,3.22,2026-04-01 23:30:00,0.84,23,1,4,25.89,31.07,38.7,73.0,1010.0
Anuradhapura,forecast,23.61,75,1009,2.63,2026-04-02 02:30:00,0.0,2,2,4,24.34,25.89,31.07,76.0,1010.0
Anuradhapura,forecast,23.23,81,1009,1.61,2026-04-02 05:30:00,0.0,5,2,4,23.61,24.34,25.89,75.0,1009.0
Anuradhapura,forecast,27.59,68,1011,1.31,2026-04-02 08:30:00,0.0,8,2,4,23.23,23.61,24.34,81.0,1009.0
Anuradhapura,forecast,35.28,39,1010,1.08,2026-04-02 11:30:00,0.0,11,2,4,27.59,23.23,23.61,68.0,1011.0
Anuradhapura,forecast,37.57,25,1006,1.87,2026-04-02 14:30:00,0.0,14,2,4,35.28,27.59,23.23,39.0,1010.0
Anuradhapura,forecast,31.28,55,1007,5.34,2026-04-02 17:30:00,0.0,17,2,4,37.57,35.28,27.59,25.0,1006.0
Anuradhapura,forecast,25.79,84,1011,1.55,2026-04-02 20:30:00,1.0,20,2,4,31.28,37.57,35.28,55.0,1007.0
Badulla,forecast,20.18,86,1011,2.04,2026-03-29 05:30:00,0.0,5,29,3,20.77,20.73,20.83,89.0,1011.0
Badulla,forecast,24.94,69,1012,1.54,2026-03-29 08:30:00,0.0,8,29,3,20.18,20.77,20.73,86.0,1011.0
Badulla,forecast,29.03,52,1011,2.61,2026-03-29 11:30:00,0.0,11,29,3,24.94,20.18,20.77,69.0,1012.0
Badulla,forecast,30.8,37,1008,2.63,2026-03-29 14:30:00,0.01,14,29,3,29.03,24.94,20.18,52.0,1011.0
Badulla,forecast,26.09,67,1008,2.16,2026-03-29 17:30:00,0.36,17,29,3,30.8,29.03,24.94,37.0,1008.0
Badulla,forecast,21.22,91,1011,2.87,2026-03-29 20:30:00,0.0,20,29,3,26.09,30.8,29.03,67.0,1008.0
Badulla,forecast,20.46,84,1012,1.82,2026-03-29 23:30:00,0.0,23,29,3,21.22,26.09,30.8,91.0,1011.0
Badulla,forecast,19.82,86,1010,1.65,2026-03-30 02:30:00,0.0,2,30,3,20.46,21.22,26.09,84.0,1012.0
Badulla,forecast,19.43,88,1011,1.59,2026-03-30 05:30:00,0.0,5,30,3,19.82,20.46,21.22,86.0,1010.0
Badulla,forecast,25.2,71,1013,1.14,2026-03-30 08:30:00,0.0,8,30,3,19.43,19.82,20.46,88.0,1011.0
Badulla,forecast,29.55,44,1012,2.07,2026-03-30 11:30:00,0.0,11,30,3,25.2,19.43,19.82,71.0,1013.0
Badulla,forecast,30.79,40,1009,2.6,2026-03-30 14:30:00,0.0,14,30,3,29.55,25.2,19.43,44.0,1012.0
Badulla,forecast,26.42,66,1009,2.26,2026-03-30 17:30:00,0.43,17,30,3,30.79,29.55,25.2,40.0,1009.0
Badulla,forecast,20.97,90,1013,3.0,2026-03-30 20:30:00,0.13,20,30,3,26.42,30.79,29.55,66.0,1009.0
Badulla,forecast,20.4,86,1013,2.16,2026-03-30 23:30:00,0.0,23,30,3,20.97,26.42,30.79,90.0,1013.0
Badulla,forecast,20.17,85,1011,1.51,2026-03-31 02:30:00,0.0,2,31,3,20.4,20.97,26.42,86.0,1013.0
Badulla,forecast,19.32,87,1011,1.49,2026-03-31 05:30:00,0.0,5,31,3,20.17,20.4,20.97,85.0,1011.0
Badulla,forecast,24.42,73,1013,1.5,2026-03-31 08:30:00,0.0,8,31,3,19.32,20.17,20.4,87.0,1011.0
Badulla,forecast,29.03,48,1012,2.48,2026-03-31 11:30:00,0.0,11,31,3,24.42,19.32,20.17,73.0,1013.0
Badulla,forecast,30.58,40,1008,3.01,2026-03-31 14:30:00,0.0,14,31,3,29.03,24.42,19.32,48.0,1012.0
Badulla,forecast,25.86,69,1009,2.14,2026-03-31 17:30:00,0.45,17,31,3,30.58,29.03,24.42,40.0,1008.0
Badulla,forecast,21.07,96,1012,2.91,2026-03-31 20:30:00,0.36,20,31,3,25.86,30.58,29.03,69.0,1009.0
Badulla,forecast,20.41,92,1013,1.81,2026-03-31 23:30:00,0.17,23,31,3,21.07,25.86,30.58,96.0,1012.0
Badulla,forecast,19.93,89,1011,1.68,2026-04-01 02:30:00,0.0,2,1,4,20.41,21.07,25.86,92.0,1013.0
Badulla,forecast,19.27,90,1011,1.53,2026-04-01 05:30:00,0.0,5,1,4,19.93,20.41,21.07,89.0,1011.0
Badulla,forecast,24.06,76,1013,1.4,2026-04-01 08:30:00,0.0,8,1,4,19.27,19.93,20.41,90.0,1011.0
Badulla,forecast,28.67,47,1011,2.41,2026-04-01 11:30:00,0.0,11,1,4,24.06,19.27,19.93,76.0,1013.0
Badulla,forecast,30.15,41,1008,2.7,2026-04-01 14:30:00,0.0,14,1,4,28.67,24.06,19.27,47.0,1011.0
Badulla,forecast,25.73,66,1009,1.85,2026-04-01 17:30:00,0.2,17,1,4,30.15,28.67,24.06,41.0,1008.0
Badulla,forecast,20.5,92,1012,1.99,2026-04-01 20:30:00,0.0,20,1,4,25.73,30.15,28.67,66.0,1009.0
Badulla,forecast,20.04,87,1013,1.14,2026-04-01 23:30:00,0.0,23,1,4,20.5,25.73,30.15,92.0,1012.0
Badulla,forecast,19.5,87,1011,1.44,2026-04-02 02:30:00,0.0,2,2,4,20.04,20.5,25.73,87.0,1013.0
Badulla,forecast,19.66,84,1012,2.1,2026-04-02 05:30:00,0.0,5,2,4,19.5,20.04,20.5,87.0,1011.0
Badulla,forecast,24.48,68,1013,1.11,2026-04-02 08:30:00,0.0,8,2,4,19.66,19.5,20.04,84.0,1012.0
Badulla,forecast,29.05,39,1012,2.16,2026-04-02 11:30:00,0.0,11,2,4,24.48,19.66,19.5,68.0,1013.0
Badulla,forecast,30.05,31,1009,2.85,2026-04-02 14:30:00,0.0,14,2,4,29.05,24.48,19.66,39.0,1012.0
Badulla,forecast,26.06,48,1010,2.21,2026-04-02 17:30:00,0.0,17,2,4,30.05,29.05,24.48,31.0,1009.0
Badulla,forecast,20.56,59,1013,2.86,2026-04-02 20:30:00,0.0,20,2,4,26.06,30.05,29.05,48.0,1010.0
Batticaloa,forecast,25.2,83,1009,2.93,2026-03-29 05:30:00,0.0,5,29,3,25.66,25.96,26.21,78.0,1009.0
Batticaloa,forecast,27.16,78,1011,2.09,2026-03-29 08:30:00,0.0,8,29,3,25.2,25.66,25.96,83.0,1009.0
Batticaloa,forecast,29.75,68,1010,3.95,2026-03-29 11:30:00,0.0,11,29,3,27.16,25.2,25.66,78.0,1011.0
Batticaloa,forecast,29.8,68,1006,6.31,2026-03-29 14:30:00,0.0,14,29,3,29.75,27.16,25.2,68.0,1010.0
Batticaloa,forecast,27.85,79,1007,6.51,2026-03-29 17:30:00,0.0,17,29,3,29.8,29.75,27.16,68.0,1006.0
Batticaloa,forecast,26.88,83,1009,6.64,2026-03-29 20:30:00,0.0,20,29,3,27.85,29.8,29.75,79.0,1007.0
Batticaloa,forecast,26.04,85,1009,3.8,2026-03-29 23:30:00,0.0,23,29,3,26.88,27.85,29.8,83.0,1009.0
Batticaloa,forecast,25.46,87,1007,3.33,2026-03-30 02:30:00,0.0,2,30,3,26.04,26.88,27.85,85.0,1009.0
Batticaloa,forecast,24.83,88,1008,2.4,2026-03-30 05:30:00,0.2,5,30,3,25.46,26.04,26.88,87.0,1007.0
Batticaloa,forecast,27.29,77,1011,1.67,2026-03-30 08:30:00,0.0,8,30,3,24.83,25.46,26.04,88.0,1008.0
Batticaloa,forecast,29.62,66,1010,3.34,2026-03-30 11:30:00,0.0,11,30,3,27.29,24.83,25.46,77.0,1011.0
Batticaloa,forecast,29.72,68,1007,5.84,2026-03-30 14:30:00,0.0,14,30,3,29.62,27.29,24.83,66.0,1010.0
Batticaloa,forecast,28.19,76,1008,6.39,2026-03-30 17:30:00,0.0,17,30,3,29.72,29.62,27.29,68.0,1007.0
Batticaloa,forecast,27.1,80,1010,6.17,2026-03-30 20:30:00,0.0,20,30,3,28.19,29.72,29.62,76.0,1008.0
Batticaloa,forecast,26.36,81,1011,4.11,2026-03-30 23:30:00,0.0,23,30,3,27.1,28.19,29.72,80.0,1010.0
Batticaloa,forecast,25.62,84,1008,3.69,2026-03-31 02:30:00,0.0,2,31,3,26.36,27.1,28.19,81.0,1011.0
Batticaloa,forecast,25.29,86,1009,2.61,2026-03-31 05:30:00,0.28,5,31,3,25.62,26.36,27.1,84.0,1008.0
Batticaloa,forecast,27.45,77,1012,2.22,2026-03-31 08:30:00,0.46,8,31,3,25.29,25.62,26.36,86.0,1009.0
Batticaloa,forecast,29.65,67,1010,3.78,2026-03-31 11:30:00,0.01,11,31,3,27.45,25.29,25.62,77.0,1012.0
Batticaloa,forecast,29.3,71,1007,5.68,2026-03-31 14:30:00,0.0,14,31,3,29.65,27.45,25.29,67.0,1010.0
Batticaloa,forecast,27.96,76,1007,4.96,2026-03-31 17:30:00,0.0,17,31,3,29.3,29.65,27.45,71.0,1007.0
Batticaloa,forecast,26.56,81,1010,5.25,2026-03-31 20:30:00,0.0,20,31,3,27.96,29.3,29.65,76.0,1007.0
Batticaloa,forecast,26.13,81,1011,3.74,2026-03-31 23:30:00,0.0,23,31,3,26.56,27.96,29.3,81.0,1010.0
Batticaloa,forecast,25.96,78,1008,3.32,2026-04-01 02:30:00,0.0,2,1,4,26.13,26.56,27.96,81.0,1011.0
Batticaloa,forecast,26.0,75,1009,2.51,2026-04-01 05:30:00,0.0,5,1,4,25.96,26.13,26.56,78.0,1008.0
Batticaloa,forecast,28.08,67,1011,2.96,2026-04-01 08:30:00,0.0,8,1,4,26.0,25.96,26.13,75.0,1009.0
Batticaloa,forecast,29.44,60,1010,4.48,2026-04-01 11:30:00,0.0,11,1,4,28.08,26.0,25.96,67.0,1011.0
Batticaloa,forecast,28.78,64,1007,5.24,2026-04-01 14:30:00,0.0,14,1,4,29.44,28.08,26.0,60.0,1010.0
Batticaloa,forecast,27.42,67,1008,5.01,2026-04-01 17:30:00,0.0,17,1,4,28.78,29.44,28.08,64.0,1007.0
Batticaloa,forecast,25.98,66,1010,4.79,2026-04-01 20:30:00,0.0,20,1,4,27.42,28.78,29.44,67.0,1008.0
Batticaloa,forecast,25.11,67,1011,2.88,2026-04-01 23:30:00,0.0,23,1,4,25.98,27.42,28.78,66.0,1010.0
Batticaloa,forecast,24.27,70,1009,3.48,2026-04-02 02:30:00,0.0,2,2,4,25.11,25.98,27.42,67.0,1011.0
Batticaloa,forecast,23.59,73,1010,3.75,2026-04-02 05:30:00,0.0,5,2,4,24.27,25.11,25.98,70.0,1009.0
Batticaloa,forecast,26.11,65,1012,3.77,2026-04-02 08:30:00,0.0,8,2,4,23.59,24.27,25.11,73.0,1010.0
Batticaloa,forecast,29.76,49,1011,4.12,2026-04-02 11:30:00,0.0,11,2,4,26.11,23.59,24.27,65.0,1012.0
Batticaloa,forecast,29.67,51,1008,6.26,2026-04-02 14:30:00,0.0,14,2,4,29.76,26.11,23.59,49.0,1011.0
Batticaloa,forecast,27.59,61,1008,5.49,2026-04-02 17:30:00,0.0,17,2,4,29.67,29.76,26.11,51.0,1008.0
Batticaloa,forecast,26.16,66,1011,4.82,2026-04-02 20:30:00,0.0,20,2,4,27.59,29.67,29.76,61.0,1008.0
Colombo,forecast,27.91,77,1008,2.64,2026-03-29 05:30:00,0.32,5,29,3,28.45,28.99,27.94,77.0,1008.0
Colombo,forecast,28.36,72,1010,1.4,2026-03-29 08:30:00,0.0,8,29,3,27.91,28.45,28.99,77.0,1008.0
Colombo,forecast,30.0,61,1010,2.96,2026-03-29 11:30:00,0.0,11,29,3,28.36,27.91,28.45,72.0,1010.0
Colombo,forecast,30.02,66,1007,6.8,2026-03-29 14:30:00,0.0,14,29,3,30.0,28.36,27.91,61.0,1010.0
Colombo,forecast,28.9,72,1007,4.3,2026-03-29 17:30:00,0.02,17,29,3,30.02,30.0,28.36,66.0,1007.0
Colombo,forecast,27.83,79,1009,3.79,2026-03-29 20:30:00,0.51,20,29,3,28.9,30.02,30.0,72.0,1007.0
Colombo,forecast,27.11,81,1010,3.1,2026-03-29 23:30:00,1.0,23,29,3,27.83,28.9,30.02,79.0,1009.0
Colombo,forecast,26.9,81,1007,1.13,2026-03-30 02:30:00,0.72,2,30,3,27.11,27.83,28.9,81.0,1010.0
Colombo,forecast,26.23,84,1008,1.88,2026-03-30 05:30:00,0.61,5,30,3,26.9,27.11,27.83,81.0,1007.0
Colombo,forecast,27.16,82,1011,2.59,2026-03-30 08:30:00,0.39,8,30,3,26.23,26.9,27.11,84.0,1008.0
Colombo,forecast,29.28,73,1010,3.13,2026-03-30 11:30:00,0.04,11,30,3,27.16,26.23,26.9,82.0,1011.0
Colombo,forecast,29.52,72,1007,6.84,2026-03-30 14:30:00,0.0,14,30,3,29.28,27.16,26.23,73.0,1010.0
Colombo,forecast,28.98,73,1008,4.52,2026-03-30 17:30:00,0.01,17,30,3,29.52,29.28,27.16,72.0,1007.0
Colombo,forecast,28.08,77,1010,4.65,2026-03-30 20:30:00,0.67,20,30,3,28.98,29.52,29.28,73.0,1008.0
Colombo,forecast,27.14,81,1011,2.66,2026-03-30 23:30:00,1.0,23,30,3,28.08,28.98,29.52,77.0,1010.0
Colombo,forecast,26.76,81,1008,2.54,2026-03-31 02:30:00,0.85,2,31,3,27.14,28.08,28.98,81.0,1011.0
Colombo,forecast,26.01,85,1009,2.43,2026-03-31 05:30:00,0.68,5,31,3,26.76,27.14,28.08,81.0,1008.0
Colombo,forecast,26.86,81,1011,1.84,2026-03-31 08:30:00,0.19,8,31,3,26.01,26.76,27.14,85.0,1009.0
Colombo,forecast,29.06,72,1010,2.33,2026-03-31 11:30:00,0.0,11,31,3,26.86,26.01,26.76,81.0,1011.0
Colombo,forecast,29.12,71,1007,5.66,2026-03-31 14:30:00,0.0,14,31,3,29.06,26.86,26.01,72.0,1010.0
Colombo,forecast,29.12,70,1007,4.34,2026-03-31 17:30:00,0.0,17,31,3,29.12,29.06,26.86,71.0,1007.0
Colombo,forecast,28.25,73,1009,3.49,2026-03-31 20:30:00,0.0,20,31,3,29.12,29.12,29.06,70.0,1007.0
Colombo,forecast,27.25,77,1010,3.07,2026-03-31 23:30:00,0.81,23,31,3,28.25,29.12,29.12,73.0,1009.0
Colombo,forecast,26.49,80,1008,3.04,2026-04-01 02:30:00,0.98,2,1,4,27.25,28.25,29.12,77.0,1010.0
Colombo,forecast,26.17,81,1009,3.37,2026-04-01 05:30:00,0.92,5,1,4,26.49,27.25,28.25,80.0,1008.0
Colombo,forecast,27.71,73,1011,2.24,2026-04-01 08:30:00,0.64,8,1,4,26.17,26.49,27.25,81.0,1009.0
Colombo,forecast,29.55,68,1010,3.58,2026-04-01 11:30:00,0.43,11,1,4,27.71,26.17,26.49,73.0,1011.0
Colombo,forecast,29.16,69,1007,5.88,2026-04-01 14:30:00,0.0,14,1,4,29.55,27.71,26.17,68.0,1010.0
Colombo,forecast,28.65,72,1007,4.49,2026-04-01 17:30:00,0.05,17,1,4,29.16,29.55,27.71,69.0,1007.0
Colombo,forecast,27.51,78,1010,4.18,2026-04-01 20:30:00,0.97,20,1,4,28.65,29.16,29.55,72.0,1007.0
Colombo,forecast,26.95,81,1010,4.69,2026-04-01 23:30:00,1.0,23,1,4,27.51,28.65,29.16,78.0,1010.0
Colombo,forecast,26.13,83,1008,3.94,2026-04-02 02:30:00,0.77,2,2,4,26.95,27.51,28.65,81.0,1010.0
Colombo,forecast,25.75,80,1009,3.08,2026-04-02 05:30:00,0.65,5,2,4,26.13,26.95,27.51,83.0,1008.0
Colombo,forecast,26.96,70,1011,2.8,2026-04-02 08:30:00,0.0,8,2,4,25.75,26.13,26.95,80.0,1009.0
Colombo,forecast,29.28,63,1010,2.88,2026-04-02 11:30:00,0.0,11,2,4,26.96,25.75,26.13,70.0,1011.0
Colombo,forecast,28.93,65,1008,4.87,2026-04-02 14:30:00,0.0,14,2,4,29.28,26.96,25.75,63.0,1010.0
Colombo,forecast,28.82,61,1008,3.9,2026-04-02 17:30:00,0.0,17,2,4,28.93,29.28,26.96,65.0,1008.0
Colombo,forecast,28.09,62,1011,4.88,2026-04-02 20:30:00,0.0,20,2,4,28.82,28.93,29.28,61.0,1008.0
Galle,forecast,26.81,79,1009,2.11,2026-03-29 05:30:00,0.42,5,29,3,26.98,27.07,27.48,79.0,1009.0
Galle,forecast,28.53,70,1010,1.36,2026-03-29 08:30:00,0.0,8,29,3,26.81,26.98,27.07,79.0,1009.0
Galle,forecast,28.9,70,1010,3.86,2026-03-29 11:30:00,1.0,11,29,3,28.53,26.81,26.98,70.0,1010.0
Galle,forecast,28.68,69,1007,4.28,2026-03-29 14:30:00,0.54,14,29,3,28.9,28.53,26.81,70.0,1010.0
Galle,forecast,28.28,74,1007,4.52,2026-03-29 17:30:00,0.39,17,29,3,28.68,28.9,28.53,69.0,1007.0
Galle,forecast,27.62,77,1009,3.04,2026-03-29 20:30:00,0.24,20,29,3,28.28,28.68,28.9,74.0,1007.0
Galle,forecast,27.14,79,1010,1.8,2026-03-29 23:30:00,0.22,23,29,3,27.62,28.28,28.68,77.0,1009.0
Galle,forecast,26.36,83,1007,2.05,2026-03-30 02:30:00,0.0,2,30,3,27.14,27.62,28.28,79.0,1010.0
Galle,forecast,25.75,85,1008,1.53,2026-03-30 05:30:00,0.24,5,30,3,26.36,27.14,27.62,83.0,1007.0
Galle,forecast,27.88,75,1011,1.88,2026-03-30 08:30:00,0.0,8,30,3,25.75,26.36,27.14,85.0,1008.0
Galle,forecast,29.08,68,1011,3.08,2026-03-30 11:30:00,0.0,11,30,3,27.88,25.75,26.36,75.0,1011.0
Galle,forecast,29.56,69,1008,5.19,2026-03-30 14:30:00,0.08,14,30,3,29.08,27.88,25.75,68.0,1011.0
Galle,forecast,28.67,71,1008,3.27,2026-03-30 17:30:00,0.81,17,30,3,29.56,29.08,27.88,69.0,1008.0
Galle,forecast,27.6,78,1011,2.54,2026-03-30 20:30:00,0.87,20,30,3,28.67,29.56,29.08,71.0,1008.0
Galle,forecast,27.18,78,1011,2.13,2026-03-30 23:30:00,0.78,23,30,3,27.6,28.67,29.56,78.0,1011.0
Galle,forecast,26.6,79,1008,0.58,2026-03-31 02:30:00,0.2,2,31,3,27.18,27.6,28.67,78.0,1011.0
Galle,forecast,25.63,84,1009,1.52,2026-03-31 05:30:00,0.08,5,31,3,26.6,27.18,27.6,79.0,1008.0
Galle,forecast,27.06,80,1011,1.23,2026-03-31 08:30:00,0.0,8,31,3,25.63,26.6,27.18,84.0,1009.0
Galle,forecast,29.24,68,1010,2.07,2026-03-31 11:30:00,0.2,11,31,3,27.06,25.63,26.6,80.0,1011.0
Galle,forecast,29.63,66,1007,4.8,2026-03-31 14:30:00,0.0,14,31,3,29.24,27.06,25.63,68.0,1010.0
Galle,forecast,28.69,69,1008,2.25,2026-03-31 17:30:00,0.39,17,31,3,29.63,29.24,27.06,66.0,1007.0
Galle,forecast,27.48,74,1010,1.93,2026-03-31 20:30:00,0.83,20,31,3,28.69,29.63,29.24,69.0,1008.0
Galle,forecast,26.85,76,1010,2.2,2026-03-31 23:30:00,0.92,23,31,3,27.48,28.69,29.63,74.0,1010.0
Galle,forecast,25.57,83,1008,2.69,2026-04-01 02:30:00,0.37,2,1,4,26.85,27.48,28.69,76.0,1010.0
Galle,forecast,24.86,87,1009,2.93,2026-04-01 05:30:00,0.48,5,1,4,25.57,26.85,27.48,83.0,1008.0
Galle,forecast,27.5,76,1011,3.22,2026-04-01 08:30:00,0.79,8,1,4,24.86,25.57,26.85,87.0,1009.0
Galle,forecast,29.82,65,1010,5.13,2026-04-01 11:30:00,0.76,11,1,4,27.5,24.86,25.57,76.0,1011.0
Galle,forecast,28.9,70,1007,6.63,2026-04-01 14:30:00,0.0,14,1,4,29.82,27.5,24.86,65.0,1010.0
Galle,forecast,28.12,75,1007,5.22,2026-04-01 17:30:00,0.25,17,1,4,28.9,29.82,27.5,70.0,1007.0
Galle,forecast,26.71,79,1010,4.18,2026-04-01 20:30:00,0.76,20,1,4,28.12,28.9,29.82,75.0,1007.0
Galle,forecast,26.04,81,1010,4.16,2026-04-01 23:30:00,0.62,23,1,4,26.71,28.12,28.9,79.0,1010.0
Galle,forecast,25.1,81,1009,4.33,2026-04-02 02:30:00,0.0,2,2,4,26.04,26.71,28.12,81.0,1010.0
Galle,forecast,24.6,79,1010,4.7,2026-04-02 05:30:00,0.0,5,2,4,25.1,26.04,26.71,81.0,1009.0
Galle,forecast,26.9,66,1011,5.48,2026-04-02 08:30:00,0.0,8,2,4,24.6,25.1,26.04,79.0,1010.0
Galle,forecast,30.23,51,1010,6.12,2026-04-02 11:30:00,0.0,11,2,4,26.9,24.6,25.1,66.0,1011.0
Galle,forecast,29.62,52,1008,7.72,2026-04-02 14:30:00,0.0,14,2,4,30.23,26.9,24.6,51.0,1010.0
Galle,forecast,28.17,60,1008,6.86,2026-04-02 17:30:00,0.0,17,2,4,29.62,30.23,26.9,52.0,1008.0
Galle,forecast,26.0,69,1011,4.07,2026-04-02 20:30:00,0.0,20,2,4,28.17,29.62,30.23,60.0,1008.0
Gampaha,forecast,24.34,92,1009,1.9,2026-03-29 05:30:00,0.0,5,29,3,25.05,25.25,28.95,89.0,1009.0
Gampaha,forecast,28.39,74,1010,1.59,2026-03-29 08:30:00,0.0,8,29,3,24.34,25.05,25.25,92.0,1009.0
Gampaha,forecast,33.29,50,1009,3.01,2026-03-29 11:30:00,0.2,11,29,3,28.39,24.34,25.05,74.0,1010.0
Gampaha,forecast,32.74,49,1006,5.04,2026-03-29 14:30:00,0.0,14,29,3,33.29,28.39,24.34,50.0,1009.0
Gampaha,forecast,29.42,66,1007,3.55,2026-03-29 17:30:00,0.0,17,29,3,32.74,33.29,28.39,49.0,1006.0
Gampaha,forecast,25.1,88,1009,1.73,2026-03-29 20:30:00,1.0,20,29,3,29.42,32.74,33.29,66.0,1007.0
Gampaha,forecast,24.31,93,1010,1.63,2026-03-29 23:30:00,1.0,23,29,3,25.1,29.42,32.74,88.0,1009.0
Gampaha,forecast,23.91,95,1008,1.03,2026-03-30 02:30:00,0.45,2,30,3,24.31,25.1,29.42,93.0,1010.0
Gampaha,forecast,23.47,96,1008,1.54,2026-03-30 05:30:00,0.27,5,30,3,23.91,24.31,25.1,95.0,1008.0
Gampaha,forecast,28.0,77,1011,1.41,2026-03-30 08:30:00,0.0,8,30,3,23.47,23.91,24.31,96.0,1008.0
Gampaha,forecast,34.06,49,1010,2.58,2026-03-30 11:30:00,0.0,11,30,3,28.0,23.47,23.91,77.0,1011.0
Gampaha,forecast,32.02,58,1007,5.6,2026-03-30 14:30:00,0.0,14,30,3,34.06,28.0,23.47,49.0,1010.0
Gampaha,forecast,29.45,68,1008,3.59,2026-03-30 17:30:00,0.1,17,30,3,32.02,34.06,28.0,58.0,1007.0
Gampaha,forecast,25.31,88,1010,2.33,2026-03-30 20:30:00,1.0,20,30,3,29.45,32.02,34.06,68.0,1008.0
Gampaha,forecast,24.51,92,1011,1.7,2026-03-30 23:30:00,1.0,23,30,3,25.31,29.45,32.02,88.0,1010.0
Gampaha,forecast,23.92,95,1008,1.55,2026-03-31 02:30:00,0.36,2,31,3,24.51,25.31,29.45,92.0,1011.0
Gampaha,forecast,23.45,95,1009,1.45,2026-03-31 05:30:00,0.18,5,31,3,23.92,24.51,25.31,95.0,1008.0
Gampaha,forecast,27.07,79,1011,1.25,2026-03-31 08:30:00,0.0,8,31,3,23.45,23.92,24.51,95.0,1009.0
Gampaha,forecast,33.75,49,1010,1.79,2026-03-31 11:30:00,0.0,11,31,3,27.07,23.45,23.92,79.0,1011.0
Gampaha,forecast,32.09,56,1007,5.66,2026-03-31 14:30:00,0.0,14,31,3,33.75,27.07,23.45,49.0,1010.0
Gampaha,forecast,29.36,65,1007,3.05,2026-03-31 17:30:00,0.01,17,31,3,32.09,33.75,27.07,56.0,1007.0
Gampaha,forecast,26.21,81,1010,1.3,2026-03-31 20:30:00,0.0,20,31,3,29.36,32.09,33.75,65.0,1007.0
Gampaha,forecast,25.12,85,1010,1.74,2026-03-31 23:30:00,0.59,23,31,3,26.21,29.36,32.09,81.0,1010.0
Gampaha,forecast,24.17,89,1008,1.71,2026-04-01 02:30:00,0.71,2,1,4,25.12,26.21,29.36,85.0,1010.0
Gampaha,forecast,23.59,90,1009,1.71,2026-04-01 05:30:00,0.57,5,1,4,24.17,25.12,26.21,89.0,1008.0
Gampaha,forecast,28.73,67,1011,1.02,2026-04-01 08:30:00,0.13,8,1,4,23.59,24.17,25.12,90.0,1009.0
Gampaha,forecast,34.5,46,1009,2.35,2026-04-01 11:30:00,0.0,11,1,4,28.73,23.59,24.17,67.0,1011.0
Gampaha,forecast,31.75,56,1006,5.38,2026-04-01 14:30:00,0.0,14,1,4,34.5,28.73,23.59,46.0,1009.0
Gampaha,forecast,28.64,69,1007,3.53,2026-04-01 17:30:00,0.37,17,1,4,31.75,34.5,28.73,56.0,1006.0
Gampaha,forecast,25.53,85,1010,1.51,2026-04-01 20:30:00,0.87,20,1,4,28.64,31.75,34.5,69.0,1007.0
Gampaha,forecast,25.0,89,1010,1.66,2026-04-01 23:30:00,1.0,23,1,4,25.53,28.64,31.75,85.0,1010.0
Gampaha,forecast,24.17,92,1008,1.65,2026-04-02 02:30:00,0.48,2,2,4,25.0,25.53,28.64,89.0,1010.0
Gampaha,forecast,23.68,90,1009,1.51,2026-04-02 05:30:00,0.38,5,2,4,24.17,25.0,25.53,92.0,1008.0
Gampaha,forecast,27.85,69,1011,1.21,2026-04-02 08:30:00,0.0,8,2,4,23.68,24.17,25.0,90.0,1009.0
Gampaha,forecast,34.02,48,1010,1.94,2026-04-02 11:30:00,0.0,11,2,4,27.85,23.68,24.17,69.0,1011.0
Gampaha,forecast,31.55,56,1008,5.08,2026-04-02 14:30:00,0.0,14,2,4,34.02,27.85,23.68,48.0,1010.0
Gampaha,forecast,29.15,62,1008,3.14,2026-04-02 17:30:00,0.0,17,2,4,31.55,34.02,27.85,56.0,1008.0
Gampaha,forecast,25.7,69,1011,1.66,2026-04-02 20:30:00,0.0,20,2,4,29.15,31.55,34.02,62.0,1008.0
Hambantota,forecast,25.55,86,1009,2.37,2026-03-29 05:30:00,0.21,5,29,3,25.82,26.0,26.52,85.0,1009.0
Hambantota,forecast,27.58,76,1010,2.04,2026-03-29 08:30:00,0.0,8,29,3,25.55,25.82,26.0,86.0,1009.0
Hambantota,forecast,30.5,65,1010,4.02,2026-03-29 11:30:00,0.2,11,29,3,27.58,25.55,25.82,76.0,1010.0
Hambantota,forecast,29.96,67,1006,8.3,2026-03-29 14:30:00,0.0,14,29,3,30.5,27.58,25.55,65.0,1010.0
Hambantota,forecast,28.05,76,1007,6.56,2026-03-29 17:30:00,0.36,17,29,3,29.96,30.5,27.58,67.0,1006.0
Hambantota,forecast,26.88,81,1009,5.09,2026-03-29 20:30:00,0.98,20,29,3,28.05,29.96,30.5,76.0,1007.0
Hambantota,forecast,26.26,84,1009,4.26,2026-03-29 23:30:00,0.44,23,29,3,26.88,28.05,29.96,81.0,1009.0
Hambantota,forecast,25.32,88,1007,2.79,2026-03-30 02:30:00,0.0,2,30,3,26.26,26.88,28.05,84.0,1009.0
Hambantota,forecast,24.9,88,1008,2.11,2026-03-30 05:30:00,0.0,5,30,3,25.32,26.26,26.88,88.0,1007.0
Hambantota,forecast,27.29,77,1011,1.74,2026-03-30 08:30:00,0.2,8,30,3,24.9,25.32,26.26,88.0,1008.0
Hambantota,forecast,30.47,64,1010,3.95,2026-03-30 11:30:00,0.0,11,30,3,27.29,24.9,25.32,77.0,1011.0
Hambantota,forecast,29.75,68,1007,7.54,2026-03-30 14:30:00,0.0,14,30,3,30.47,27.29,24.9,64.0,1010.0
Hambantota,forecast,28.83,71,1008,5.33,2026-03-30 17:30:00,0.0,17,30,3,29.75,30.47,27.29,68.0,1007.0
Hambantota,forecast,27.26,79,1011,3.67,2026-03-30 20:30:00,0.28,20,30,3,28.83,29.75,30.47,71.0,1008.0
Hambantota,forecast,26.88,81,1011,3.35,2026-03-30 23:30:00,0.21,23,30,3,27.26,28.83,29.75,79.0,1011.0
Hambantota,forecast,25.77,84,1008,2.67,2026-03-31 02:30:00,0.69,2,31,3,26.88,27.26,28.83,81.0,1011.0
Hambantota,forecast,25.1,86,1009,1.51,2026-03-31 05:30:00,0.44,5,31,3,25.77,26.88,27.26,84.0,1008.0
Hambantota,forecast,27.54,75,1011,1.87,2026-03-31 08:30:00,0.2,8,31,3,25.1,25.77,26.88,86.0,1009.0
Hambantota,forecast,30.63,62,1010,3.56,2026-03-31 11:30:00,0.0,11,31,3,27.54,25.1,25.77,75.0,1011.0
Hambantota,forecast,29.85,66,1007,6.92,2026-03-31 14:30:00,0.0,14,31,3,30.63,27.54,25.1,62.0,1010.0
Hambantota,forecast,28.61,69,1008,4.11,2026-03-31 17:30:00,0.0,17,31,3,29.85,30.63,27.54,66.0,1007.0
Hambantota,forecast,27.21,77,1010,2.58,2026-03-31 20:30:00,0.74,20,31,3,28.61,29.85,30.63,69.0,1008.0
Hambantota,forecast,26.67,79,1011,2.0,2026-03-31 23:30:00,0.89,23,31,3,27.21,28.61,29.85,77.0,1010.0
Hambantota,forecast,26.39,79,1008,1.56,2026-04-01 02:30:00,0.39,2,1,4,26.67,27.21,28.61,79.0,1011.0
Hambantota,forecast,25.78,81,1009,1.67,2026-04-01 05:30:00,0.21,5,1,4,26.39,26.67,27.21,79.0,1008.0
Hambantota,forecast,27.98,73,1011,2.48,2026-04-01 08:30:00,0.35,8,1,4,25.78,26.39,26.67,81.0,1009.0
Hambantota,forecast,28.34,71,1010,5.61,2026-04-01 11:30:00,0.45,11,1,4,27.98,25.78,26.39,73.0,1011.0
Hambantota,forecast,29.52,65,1007,6.11,2026-04-01 14:30:00,0.0,14,1,4,28.34,27.98,25.78,71.0,1010.0
Hambantota,forecast,27.8,69,1008,5.64,2026-04-01 17:30:00,0.0,17,1,4,29.52,28.34,27.98,65.0,1007.0
Hambantota,forecast,26.3,72,1010,3.49,2026-04-01 20:30:00,0.0,20,1,4,27.8,29.52,28.34,69.0,1008.0
Hambantota,forecast,25.86,69,1011,2.88,2026-04-01 23:30:00,0.0,23,1,4,26.3,27.8,29.52,72.0,1010.0
Hambantota,forecast,25.03,70,1009,2.61,2026-04-02 02:30:00,0.0,2,2,4,25.86,26.3,27.8,69.0,1011.0
Hambantota,forecast,24.67,69,1010,2.67,2026-04-02 05:30:00,0.0,5,2,4,25.03,25.86,26.3,70.0,1009.0
Hambantota,forecast,27.64,57,1012,2.44,2026-04-02 08:30:00,0.0,8,2,4,24.67,25.03,25.86,69.0,1010.0
Hambantota,forecast,30.58,45,1011,4.84,2026-04-02 11:30:00,0.0,11,2,4,27.64,24.67,25.03,57.0,1012.0
Hambantota,forecast,30.27,46,1009,5.01,2026-04-02 14:30:00,0.0,14,2,4,30.58,27.64,24.67,45.0,1011.0
Hambantota,forecast,28.32,56,1008,4.54,2026-04-02 17:30:00,0.0,17,2,4,30.27,30.58,27.64,46.0,1009.0
Hambantota,forecast,25.86,67,1011,1.97,2026-04-02 20:30:00,0.0,20,2,4,28.32,30.27,30.58,56.0,1008.0
Jaffna,forecast,25.83,82,1008,3.48,2026-03-29 05:30:00,0.0,5,29,3,26.18,26.28,26.42,80.0,1008.0
Jaffna,forecast,27.44,74,1010,2.92,2026-03-29 08:30:00,0.0,8,29,3,25.83,26.18,26.28,82.0,1008.0
Jaffna,forecast,29.61,67,1010,2.76,2026-03-29 11:30:00,0.0,11,29,3,27.44,25.83,26.18,74.0,1010.0
Jaffna,forecast,30.02,66,1006,3.59,2026-03-29 14:30:00,0.0,14,29,3,29.61,27.44,25.83,67.0,1010.0
Jaffna,forecast,29.6,65,1006,0.35,2026-03-29 17:30:00,0.0,17,29,3,30.02,29.61,27.44,66.0,1006.0
Jaffna,forecast,27.19,79,1009,4.47,2026-03-29 20:30:00,0.0,20,29,3,29.6,30.02,29.61,65.0,1006.0
Jaffna,forecast,26.72,84,1009,5.59,2026-03-29 23:30:00,0.0,23,29,3,27.19,29.6,30.02,79.0,1009.0
Jaffna,forecast,26.46,85,1007,5.05,2026-03-30 02:30:00,0.0,2,30,3,26.72,27.19,29.6,84.0,1009.0
Jaffna,forecast,26.13,88,1008,3.32,2026-03-30 05:30:00,0.0,5,30,3,26.46,26.72,27.19,85.0,1007.0
Jaffna,forecast,27.82,79,1010,3.7,2026-03-30 08:30:00,0.0,8,30,3,26.13,26.46,26.72,88.0,1008.0
Jaffna,forecast,29.89,69,1010,3.34,2026-03-30 11:30:00,0.0,11,30,3,27.82,26.13,26.46,79.0,1010.0
Jaffna,forecast,30.25,67,1007,2.95,2026-03-30 14:30:00,0.0,14,30,3,29.89,27.82,26.13,69.0,1010.0
Jaffna,forecast,29.58,68,1007,0.73,2026-03-30 17:30:00,0.0,17,30,3,30.25,29.89,27.82,67.0,1007.0
Jaffna,forecast,27.54,77,1010,4.02,2026-03-30 20:30:00,0.0,20,30,3,29.58,30.25,29.89,68.0,1007.0
Jaffna,forecast,26.46,83,1010,5.06,2026-03-30 23:30:00,0.0,23,30,3,27.54,29.58,30.25,77.0,1010.0
Jaffna,forecast,26.1,87,1008,4.51,2026-03-31 02:30:00,0.0,2,31,3,26.46,27.54,29.58,83.0,1010.0
Jaffna,forecast,25.83,88,1009,3.46,2026-03-31 05:30:00,0.0,5,31,3,26.1,26.46,27.54,87.0,1008.0
Jaffna,forecast,27.95,74,1011,3.1,2026-03-31 08:30:00,0.0,8,31,3,25.83,26.1,26.46,88.0,1009.0
Jaffna,forecast,30.47,61,1010,2.5,2026-03-31 11:30:00,0.0,11,31,3,27.95,25.83,26.1,74.0,1011.0
Jaffna,forecast,30.31,62,1007,3.15,2026-03-31 14:30:00,0.0,14,31,3,30.47,27.95,25.83,61.0,1010.0
Jaffna,forecast,29.46,65,1007,1.43,2026-03-31 17:30:00,0.0,17,31,3,30.31,30.47,27.95,62.0,1007.0
Jaffna,forecast,26.78,78,1009,4.71,2026-03-31 20:30:00,0.0,20,31,3,29.46,30.31,30.47,65.0,1007.0
Jaffna,forecast,26.0,82,1010,5.02,2026-03-31 23:30:00,0.0,23,31,3,26.78,29.46,30.31,78.0,1009.0
Jaffna,forecast,25.5,82,1008,4.67,2026-04-01 02:30:00,0.0,2,1,4,26.0,26.78,29.46,82.0,1010.0
Jaffna,forecast,24.95,85,1009,3.97,2026-04-01 05:30:00,0.0,5,1,4,25.5,26.0,26.78,82.0,1008.0
Jaffna,forecast,27.43,71,1011,3.43,2026-04-01 08:30:00,0.0,8,1,4,24.95,25.5,26.0,85.0,1009.0
Jaffna,forecast,30.46,54,1010,1.68,2026-04-01 11:30:00,0.0,11,1,4,27.43,24.95,25.5,71.0,1011.0
Jaffna,forecast,30.15,57,1007,4.76,2026-04-01 14:30:00,0.0,14,1,4,30.46,27.43,24.95,54.0,1010.0
Jaffna,forecast,29.19,61,1007,4.89,2026-04-01 17:30:00,0.0,17,1,4,30.15,30.46,27.43,57.0,1007.0
Jaffna,forecast,26.25,71,1010,5.24,2026-04-01 20:30:00,0.0,20,1,4,29.19,30.15,30.46,61.0,1007.0
Jaffna,forecast,25.5,73,1010,4.78,2026-04-01 23:30:00,0.0,23,1,4,26.25,29.19,30.15,71.0,1010.0
Jaffna,forecast,24.77,75,1008,4.75,2026-04-02 02:30:00,0.0,2,2,4,25.5,26.25,29.19,73.0,1010.0
Jaffna,forecast,24.69,74,1010,3.76,2026-04-02 05:30:00,0.0,5,2,4,24.77,25.5,26.25,75.0,1008.0
Jaffna,forecast,26.6,64,1012,3.07,2026-04-02 08:30:00,0.0,8,2,4,24.69,24.77,25.5,74.0,1010.0
Jaffna,forecast,29.93,51,1011,0.94,2026-04-02 11:30:00,0.0,11,2,4,26.6,24.69,24.77,64.0,1012.0
Jaffna,forecast,29.53,57,1008,3.0,2026-04-02 14:30:00,0.0,14,2,4,29.93,26.6,24.69,51.0,1011.0
Jaffna,forecast,29.15,58,1008,1.58,2026-04-02 17:30:00,0.0,17,2,4,29.53,29.93,26.6,57.0,1008.0
Jaffna,forecast,27.26,67,1010,4.26,2026-04-02 20:30:00,0.0,20,2,4,29.15,29.53,29.93,58.0,1008.0
Kalutara,forecast,26.49,82,1009,1.05,2026-03-29 05:30:00,0.6,5,29,3,26.74,26.82,26.87,82.0,1009.0
Kalutara,forecast,28.22,74,1010,0.96,2026-03-29 08:30:00,0.0,8,29,3,26.49,26.74,26.82,82.0,1009.0
Kalutara,forecast,30.37,62,1010,2.89,2026-03-29 11:30:00,0.23,11,29,3,28.22,26.49,26.74,74.0,1010.0
Kalutara,forecast,29.56,68,1007,5.54,2026-03-29 14:30:00,0.69,14,29,3,30.37,28.22,26.49,62.0,1010.0
Kalutara,forecast,28.49,74,1007,3.84,2026-03-29 17:30:00,0.55,17,29,3,29.56,30.37,28.22,68.0,1007.0
Kalutara,forecast,27.2,81,1009,3.11,2026-03-29 20:30:00,0.43,20,29,3,28.49,29.56,30.37,74.0,1007.0
Kalutara,forecast,26.38,83,1010,0.89,2026-03-29 23:30:00,1.0,23,29,3,27.2,28.49,29.56,81.0,1009.0
Kalutara,forecast,26.12,84,1007,0.23,2026-03-30 02:30:00,0.0,2,30,3,26.38,27.2,28.49,83.0,1010.0
Kalutara,forecast,25.39,88,1008,0.92,2026-03-30 05:30:00,0.21,5,30,3,26.12,26.38,27.2,84.0,1007.0
Kalutara,forecast,27.7,78,1011,1.3,2026-03-30 08:30:00,0.01,8,30,3,25.39,26.12,26.38,88.0,1008.0
Kalutara,forecast,30.08,66,1010,3.02,2026-03-30 11:30:00,0.0,11,30,3,27.7,25.39,26.12,78.0,1011.0
Kalutara,forecast,30.04,67,1008,5.57,2026-03-30 14:30:00,0.27,14,30,3,30.08,27.7,25.39,66.0,1010.0
Kalutara,forecast,28.98,70,1008,3.45,2026-03-30 17:30:00,0.28,17,30,3,30.04,30.08,27.7,67.0,1008.0
Kalutara,forecast,26.97,80,1011,3.26,2026-03-30 20:30:00,0.91,20,30,3,28.98,30.04,30.08,70.0,1008.0
Kalutara,forecast,26.53,83,1011,1.68,2026-03-30 23:30:00,0.96,23,30,3,26.97,28.98,30.04,80.0,1011.0
Kalutara,forecast,25.89,84,1008,1.52,2026-03-31 02:30:00,0.73,2,31,3,26.53,26.97,28.98,83.0,1011.0
Kalutara,forecast,25.4,87,1009,1.77,2026-03-31 05:30:00,0.48,5,31,3,25.89,26.53,26.97,84.0,1008.0
Kalutara,forecast,27.15,80,1011,1.52,2026-03-31 08:30:00,0.0,8,31,3,25.4,25.89,26.53,87.0,1009.0
Kalutara,forecast,29.94,66,1010,2.34,2026-03-31 11:30:00,0.0,11,31,3,27.15,25.4,25.89,80.0,1011.0
Kalutara,forecast,29.65,67,1007,5.11,2026-03-31 14:30:00,0.0,14,31,3,29.94,27.15,25.4,66.0,1010.0
Kalutara,forecast,29.2,67,1007,3.4,2026-03-31 17:30:00,0.09,17,31,3,29.65,29.94,27.15,67.0,1007.0
Kalutara,forecast,27.63,74,1009,2.62,2026-03-31 20:30:00,0.02,20,31,3,29.2,29.65,29.94,67.0,1007.0
Kalutara,forecast,26.58,80,1010,2.44,2026-03-31 23:30:00,0.68,23,31,3,27.63,29.2,29.65,74.0,1009.0
Kalutara,forecast,25.77,83,1008,2.41,2026-04-01 02:30:00,0.58,2,1,4,26.58,27.63,29.2,80.0,1010.0
Kalutara,forecast,25.42,83,1009,2.18,2026-04-01 05:30:00,0.57,5,1,4,25.77,26.58,27.63,83.0,1008.0
Kalutara,forecast,27.94,71,1011,2.06,2026-04-01 08:30:00,0.1,8,1,4,25.42,25.77,26.58,83.0,1009.0
Kalutara,forecast,30.5,62,1010,3.5,2026-04-01 11:30:00,0.03,11,1,4,27.94,25.42,25.77,71.0,1011.0
Kalutara,forecast,29.99,66,1007,5.17,2026-04-01 14:30:00,0.0,14,1,4,30.5,27.94,25.42,62.0,1010.0
Kalutara,forecast,27.61,77,1007,4.03,2026-04-01 17:30:00,0.5,17,1,4,29.99,30.5,27.94,66.0,1007.0
Kalutara,forecast,26.42,84,1010,4.01,2026-04-01 20:30:00,1.0,20,1,4,27.61,29.99,30.5,77.0,1007.0
Kalutara,forecast,25.97,85,1010,3.93,2026-04-01 23:30:00,1.0,23,1,4,26.42,27.61,29.99,84.0,1010.0
Kalutara,forecast,25.29,85,1008,2.89,2026-04-02 02:30:00,0.32,2,2,4,25.97,26.42,27.61,85.0,1010.0
Kalutara,forecast,24.62,83,1009,2.98,2026-04-02 05:30:00,0.0,5,2,4,25.29,25.97,26.42,85.0,1008.0
Kalutara,forecast,26.6,70,1011,2.91,2026-04-02 08:30:00,0.0,8,2,4,24.62,25.29,25.97,83.0,1009.0
Kalutara,forecast,31.33,51,1010,1.58,2026-04-02 11:30:00,0.0,11,2,4,26.6,24.62,25.29,70.0,1011.0
Kalutara,forecast,30.01,57,1008,6.61,2026-04-02 14:30:00,0.0,14,2,4,31.33,26.6,24.62,51.0,1010.0
Kalutara,forecast,28.75,57,1008,4.66,2026-04-02 17:30:00,0.0,17,2,4,30.01,31.33,26.6,57.0,1008.0
Kalutara,forecast,26.71,64,1011,4.39,2026-04-02 20:30:00,0.0,20,2,4,28.75,30.01,31.33,57.0,1008.0
Kandy,forecast,20.47,95,1011,1.06,2026-03-29 05:30:00,0.0,5,29,3,20.97,21.14,21.4,96.0,1011.0
Kandy,forecast,25.72,73,1012,0.48,2026-03-29 08:30:00,0.0,8,29,3,20.47,20.97,21.14,95.0,1011.0
Kandy,forecast,32.62,40,1010,1.12,2026-03-29 11:30:00,0.0,11,29,3,25.72,20.47,20.97,73.0,1012.0
Kandy,forecast,34.17,31,1006,1.54,2026-03-29 14:30:00,0.0,14,29,3,32.62,25.72,20.47,40.0,1010.0
Kandy,forecast,27.32,63,1007,0.9,2026-03-29 17:30:00,0.24,17,29,3,34.17,32.62,25.72,31.0,1006.0
Kandy,forecast,22.01,91,1011,0.59,2026-03-29 20:30:00,0.43,20,29,3,27.32,34.17,32.62,63.0,1007.0
Kandy,forecast,21.06,94,1011,1.0,2026-03-29 23:30:00,0.28,23,29,3,22.01,27.32,34.17,91.0,1011.0
Kandy,forecast,20.33,95,1009,0.87,2026-03-30 02:30:00,0.0,2,30,3,21.06,22.01,27.32,94.0,1011.0
Kandy,forecast,19.9,95,1010,1.1,2026-03-30 05:30:00,0.0,5,30,3,20.33,21.06,22.01,95.0,1009.0
Kandy,forecast,26.44,67,1012,0.04,2026-03-30 08:30:00,0.0,8,30,3,19.9,20.33,21.06,95.0,1010.0
Kandy,forecast,32.7,33,1011,0.58,2026-03-30 11:30:00,0.0,11,30,3,26.44,19.9,20.33,67.0,1012.0
Kandy,forecast,33.74,28,1007,1.06,2026-03-30 14:30:00,0.0,14,30,3,32.7,26.44,19.9,33.0,1011.0
Kandy,forecast,25.34,68,1009,1.0,2026-03-30 17:30:00,0.75,17,30,3,33.74,32.7,26.44,28.0,1007.0
Kandy,forecast,21.51,90,1012,0.54,2026-03-30 20:30:00,0.69,20,30,3,25.34,33.74,32.7,68.0,1009.0
Kandy,forecast,20.99,96,1012,0.95,2026-03-30 23:30:00,0.44,23,30,3,21.51,25.34,33.74,90.0,1012.0
Kandy,forecast,20.34,96,1010,0.95,2026-03-31 02:30:00,0.0,2,31,3,20.99,21.51,25.34,96.0,1012.0
Kandy,forecast,19.89,95,1011,1.48,2026-03-31 05:30:00,0.0,5,31,3,20.34,20.99,21.51,96.0,1010.0
Kandy,forecast,25.68,71,1013,0.64,2026-03-31 08:30:00,0.0,8,31,3,19.89,20.34,20.99,95.0,1011.0
Kandy,forecast,32.36,38,1011,0.64,2026-03-31 11:30:00,0.0,11,31,3,25.68,19.89,20.34,71.0,1013.0
Kandy,forecast,33.63,32,1007,0.7,2026-03-31 14:30:00,0.0,14,31,3,32.36,25.68,19.89,38.0,1011.0
Kandy,forecast,25.49,63,1008,0.29,2026-03-31 17:30:00,0.3,17,31,3,33.63,32.36,25.68,32.0,1007.0
Kandy,forecast,22.28,86,1011,0.77,2026-03-31 20:30:00,0.62,20,31,3,25.49,33.63,32.36,63.0,1008.0
Kandy,forecast,21.41,95,1012,0.4,2026-03-31 23:30:00,0.56,23,31,3,22.28,25.49,33.63,86.0,1011.0
Kandy,forecast,20.71,97,1010,1.08,2026-04-01 02:30:00,0.0,2,1,4,21.41,22.28,25.49,95.0,1012.0
Kandy,forecast,19.96,95,1011,1.21,2026-04-01 05:30:00,0.0,5,1,4,20.71,21.41,22.28,97.0,1010.0
Kandy,forecast,25.8,70,1012,0.93,2026-04-01 08:30:00,0.0,8,1,4,19.96,20.71,21.41,95.0,1011.0
Kandy,forecast,32.06,36,1010,0.78,2026-04-01 11:30:00,0.0,11,1,4,25.8,19.96,20.71,70.0,1012.0
Kandy,forecast,33.34,31,1007,1.12,2026-04-01 14:30:00,0.0,14,1,4,32.06,25.8,19.96,36.0,1010.0
Kandy,forecast,25.35,64,1008,0.5,2026-04-01 17:30:00,0.39,17,1,4,33.34,32.06,25.8,31.0,1007.0
Kandy,forecast,21.67,89,1012,0.48,2026-04-01 20:30:00,0.87,20,1,4,25.35,33.34,32.06,64.0,1008.0
Kandy,forecast,21.53,91,1012,0.77,2026-04-01 23:30:00,0.76,23,1,4,21.67,25.35,33.34,89.0,1012.0
Kandy,forecast,21.66,89,1010,1.04,2026-04-02 02:30:00,0.0,2,2,4,21.53,21.67,25.35,91.0,1012.0
Kandy,forecast,19.9,93,1011,1.28,2026-04-02 05:30:00,0.0,5,2,4,21.66,21.53,21.67,89.0,1010.0
Kandy,forecast,26.15,66,1012,0.71,2026-04-02 08:30:00,0.0,8,2,4,19.9,21.66,21.53,93.0,1011.0
Kandy,forecast,32.28,35,1011,0.96,2026-04-02 11:30:00,0.0,11,2,4,26.15,19.9,21.66,66.0,1012.0
Kandy,forecast,33.61,31,1008,0.64,2026-04-02 14:30:00,0.0,14,2,4,32.28,26.15,19.9,35.0,1011.0
Kandy,forecast,25.59,67,1009,0.95,2026-04-02 17:30:00,0.2,17,2,4,33.61,32.28,26.15,31.0,1008.0
Kandy,forecast,22.05,95,1012,0.92,2026-04-02 20:30:00,0.91,20,2,4,25.59,33.61,32.28,67.0,1009.0
Kegalle,forecast,22.68,95,1009,1.34,2026-03-29 05:30:00,0.0,5,29,3,23.18,23.29,23.28,95.0,1009.0
Kegalle,forecast,27.47,73,1011,0.7,2026-03-29 08:30:00,0.0,8,29,3,22.68,23.18,23.29,95.0,1009.0
Kegalle,forecast,34.11,43,1010,1.5,2026-03-29 11:30:00,0.0,11,29,3,27.47,22.68,23.18,73.0,1011.0
Kegalle,forecast,35.21,35,1005,4.21,2026-03-29 14:30:00,0.0,14,29,3,34.11,27.47,22.68,43.0,1010.0
Kegalle,forecast,28.48,65,1007,2.98,2026-03-29 17:30:00,0.26,17,29,3,35.21,34.11,27.47,35.0,1005.0
Kegalle,forecast,23.66,91,1010,1.32,2026-03-29 20:30:00,0.97,20,29,3,28.48,35.21,34.11,65.0,1007.0
Kegalle,forecast,22.87,94,1010,1.15,2026-03-29 23:30:00,0.98,23,29,3,23.66,28.48,35.21,91.0,1010.0
Kegalle,forecast,22.25,94,1008,0.93,2026-03-30 02:30:00,0.0,2,30,3,22.87,23.66,28.48,94.0,1010.0
Kegalle,forecast,21.81,95,1009,1.22,2026-03-30 05:30:00,0.0,5,30,3,22.25,22.87,23.66,94.0,1008.0
Kegalle,forecast,27.53,70,1011,0.26,2026-03-30 08:30:00,0.0,8,30,3,21.81,22.25,22.87,95.0,1009.0
Kegalle,forecast,34.25,40,1010,1.77,2026-03-30 11:30:00,0.0,11,30,3,27.53,21.81,22.25,70.0,1011.0
Kegalle,forecast,36.32,30,1006,3.38,2026-03-30 14:30:00,0.0,14,30,3,34.25,27.53,21.81,40.0,1010.0
Kegalle,forecast,27.25,78,1008,2.75,2026-03-30 17:30:00,0.75,17,30,3,36.32,34.25,27.53,30.0,1006.0
Kegalle,forecast,24.23,90,1011,1.34,2026-03-30 20:30:00,0.94,20,30,3,27.25,36.32,34.25,78.0,1008.0
Kegalle,forecast,22.85,94,1011,1.33,2026-03-30 23:30:00,1.0,23,30,3,24.23,27.25,36.32,90.0,1011.0
Kegalle,forecast,22.36,94,1009,1.02,2026-03-31 02:30:00,0.0,2,31,3,22.85,24.23,27.25,94.0,1011.0
Kegalle,forecast,21.77,93,1010,1.17,2026-03-31 05:30:00,0.0,5,31,3,22.36,22.85,24.23,94.0,1009.0
Kegalle,forecast,26.58,73,1012,0.32,2026-03-31 08:30:00,0.0,8,31,3,21.77,22.36,22.85,93.0,1010.0
Kegalle,forecast,34.09,42,1010,1.53,2026-03-31 11:30:00,0.0,11,31,3,26.58,21.77,22.36,73.0,1012.0
Kegalle,forecast,35.62,31,1006,2.97,2026-03-31 14:30:00,0.0,14,31,3,34.09,26.58,21.77,42.0,1010.0
Kegalle,forecast,27.76,70,1007,2.69,2026-03-31 17:30:00,0.21,17,31,3,35.62,34.09,26.58,31.0,1006.0
Kegalle,forecast,24.18,90,1010,0.96,2026-03-31 20:30:00,0.69,20,31,3,27.76,35.62,34.09,70.0,1007.0
Kegalle,forecast,23.39,94,1011,0.91,2026-03-31 23:30:00,0.88,23,31,3,24.18,27.76,35.62,90.0,1010.0
Kegalle,forecast,22.61,95,1009,0.92,2026-04-01 02:30:00,0.0,2,1,4,23.39,24.18,27.76,94.0,1011.0
Kegalle,forecast,22.12,95,1010,1.05,2026-04-01 05:30:00,0.0,5,1,4,22.61,23.39,24.18,95.0,1009.0
Kegalle,forecast,27.25,73,1011,0.65,2026-04-01 08:30:00,0.0,8,1,4,22.12,22.61,23.39,95.0,1010.0
Kegalle,forecast,34.14,40,1009,1.83,2026-04-01 11:30:00,0.0,11,1,4,27.25,22.12,22.61,73.0,1011.0
Kegalle,forecast,36.23,28,1005,3.11,2026-04-01 14:30:00,0.0,14,1,4,34.14,27.25,22.12,40.0,1009.0
Kegalle,forecast,27.39,73,1007,2.75,2026-04-01 17:30:00,0.4,17,1,4,36.23,34.14,27.25,28.0,1005.0
Kegalle,forecast,23.93,93,1010,0.62,2026-04-01 20:30:00,1.0,20,1,4,27.39,36.23,34.14,73.0,1007.0
Kegalle,forecast,23.31,94,1011,0.74,2026-04-01 23:30:00,1.0,23,1,4,23.93,27.39,36.23,93.0,1010.0
Kegalle,forecast,22.6,96,1009,1.11,2026-04-02 02:30:00,0.0,2,2,4,23.31,23.93,27.39,94.0,1011.0
Kegalle,forecast,22.11,95,1010,1.01,2026-04-02 05:30:00,0.0,5,2,4,22.6,23.31,23.93,96.0,1009.0
Kegalle,forecast,26.1,77,1012,0.31,2026-04-02 08:30:00,0.0,8,2,4,22.11,22.6,23.31,95.0,1010.0
Kegalle,forecast,33.46,43,1010,1.77,2026-04-02 11:30:00,0.0,11,2,4,26.1,22.11,22.6,77.0,1012.0
Kegalle,forecast,35.42,33,1006,3.35,2026-04-02 14:30:00,0.0,14,2,4,33.46,26.1,22.11,43.0,1010.0
Kegalle,forecast,27.19,72,1008,2.3,2026-04-02 17:30:00,0.2,17,2,4,35.42,33.46,26.1,33.0,1006.0
Kegalle,forecast,24.24,85,1011,0.47,2026-04-02 20:30:00,0.45,20,2,4,27.19,35.42,33.46,72.0,1008.0
Kilinochchi,forecast,22.44,91,1008,1.76,2026-03-29 05:30:00,0.0,5,29,3,23.13,23.46,23.82,87.0,1008.0
Kilinochchi,forecast,28.9,64,1010,2.24,2026-03-29 08:30:00,0.0,8,29,3,22.44,23.13,23.46,91.0,1008.0
Kilinochchi,forecast,35.69,38,1009,2.12,2026-03-29 11:30:00,0.0,11,29,3,28.9,22.44,23.13,64.0,1010.0
Kilinochchi,forecast,33.09,49,1006,3.38,2026-03-29 14:30:00,0.0,14,29,3,35.69,28.9,22.44,38.0,1009.0
Kilinochchi,forecast,30.11,61,1006,2.11,2026-03-29 17:30:00,0.0,17,29,3,33.09,35.69,28.9,49.0,1006.0
Kilinochchi,forecast,25.17,86,1009,2.25,2026-03-29 20:30:00,0.0,20,29,3,30.11,33.09,35.69,61.0,1006.0
Kilinochchi,forecast,24.05,92,1009,2.28,2026-03-29 23:30:00,0.0,23,29,3,25.17,30.11,33.09,86.0,1009.0
Kilinochchi,forecast,23.52,96,1007,2.35,2026-03-30 02:30:00,0.0,2,30,3,24.05,25.17,30.11,92.0,1009.0
Kilinochchi,forecast,23.18,97,1009,1.62,2026-03-30 05:30:00,0.0,5,30,3,23.52,24.05,25.17,96.0,1007.0
Kilinochchi,forecast,29.42,64,1011,2.24,2026-03-30 08:30:00,0.0,8,30,3,23.18,23.52,24.05,97.0,1009.0
Kilinochchi,forecast,36.02,36,1009,1.12,2026-03-30 11:30:00,0.0,11,30,3,29.42,23.18,23.52,64.0,1011.0
Kilinochchi,forecast,33.56,48,1007,3.45,2026-03-30 14:30:00,0.0,14,30,3,36.02,29.42,23.18,36.0,1009.0
Kilinochchi,forecast,30.27,60,1007,2.21,2026-03-30 17:30:00,0.0,17,30,3,33.56,36.02,29.42,48.0,1007.0
Kilinochchi,forecast,25.16,83,1010,2.33,2026-03-30 20:30:00,0.0,20,30,3,30.27,33.56,36.02,60.0,1007.0
Kilinochchi,forecast,23.96,93,1010,1.91,2026-03-30 23:30:00,0.0,23,30,3,25.16,30.27,33.56,83.0,1010.0
Kilinochchi,forecast,23.56,96,1008,2.4,2026-03-31 02:30:00,0.0,2,31,3,23.96,25.16,30.27,93.0,1010.0
Kilinochchi,forecast,23.14,96,1009,1.77,2026-03-31 05:30:00,0.0,5,31,3,23.56,23.96,25.16,96.0,1008.0
Kilinochchi,forecast,29.69,60,1011,1.53,2026-03-31 08:30:00,0.0,8,31,3,23.14,23.56,23.96,96.0,1009.0
Kilinochchi,forecast,35.18,38,1010,1.58,2026-03-31 11:30:00,0.0,11,31,3,29.69,23.14,23.56,60.0,1011.0
Kilinochchi,forecast,33.68,45,1007,3.77,2026-03-31 14:30:00,0.0,14,31,3,35.18,29.69,23.14,38.0,1010.0
Kilinochchi,forecast,30.25,58,1007,2.45,2026-03-31 17:30:00,0.0,17,31,3,33.68,35.18,29.69,45.0,1007.0
Kilinochchi,forecast,24.49,85,1009,2.3,2026-03-31 20:30:00,0.0,20,31,3,30.25,33.68,35.18,58.0,1007.0
Kilinochchi,forecast,23.13,91,1010,2.46,2026-03-31 23:30:00,0.0,23,31,3,24.49,30.25,33.68,85.0,1009.0
Kilinochchi,forecast,22.36,94,1008,1.97,2026-04-01 02:30:00,0.0,2,1,4,23.13,24.49,30.25,91.0,1010.0
Kilinochchi,forecast,21.97,96,1009,1.67,2026-04-01 05:30:00,0.0,5,1,4,22.36,23.13,24.49,94.0,1008.0
Kilinochchi,forecast,28.95,59,1011,2.65,2026-04-01 08:30:00,0.0,8,1,4,21.97,22.36,23.13,96.0,1009.0
Kilinochchi,forecast,35.61,30,1009,2.14,2026-04-01 11:30:00,0.0,11,1,4,28.95,21.97,22.36,59.0,1011.0
Kilinochchi,forecast,33.6,40,1006,4.17,2026-04-01 14:30:00,0.0,14,1,4,35.61,28.95,21.97,30.0,1009.0
Kilinochchi,forecast,29.59,49,1007,3.85,2026-04-01 17:30:00,0.0,17,1,4,33.6,35.61,28.95,40.0,1006.0
Kilinochchi,forecast,23.55,76,1010,2.47,2026-04-01 20:30:00,0.0,20,1,4,29.59,33.6,35.61,49.0,1007.0
Kilinochchi,forecast,22.04,80,1010,2.04,2026-04-01 23:30:00,0.0,23,1,4,23.55,29.59,33.6,76.0,1010.0
Kilinochchi,forecast,21.27,82,1009,2.09,2026-04-02 02:30:00,0.0,2,2,4,22.04,23.55,29.59,80.0,1010.0
Kilinochchi,forecast,20.96,84,1010,2.04,2026-04-02 05:30:00,0.0,5,2,4,21.27,22.04,23.55,82.0,1009.0
Kilinochchi,forecast,28.42,51,1011,2.3,2026-04-02 08:30:00,0.0,8,2,4,20.96,21.27,22.04,84.0,1010.0
Kilinochchi,forecast,34.98,36,1010,0.48,2026-04-02 11:30:00,0.0,11,2,4,28.42,20.96,21.27,51.0,1011.0
Kilinochchi,forecast,32.65,43,1008,3.45,2026-04-02 14:30:00,0.0,14,2,4,34.98,28.42,20.96,36.0,1010.0
Kilinochchi,forecast,29.07,54,1008,2.32,2026-04-02 17:30:00,0.0,17,2,4,32.65,34.98,28.42,43.0,1008.0
Kilinochchi,forecast,24.54,67,1011,2.26,2026-04-02 20:30:00,0.0,20,2,4,29.07,32.65,34.98,54.0,1008.0
Kurunegala,forecast,23.08,95,1009,1.14,2026-03-29 05:30:00,0.0,5,29,3,23.49,23.6,23.59,95.0,1009.0
Kurunegala,forecast,27.95,73,1011,0.89,2026-03-29 08:30:00,0.0,8,29,3,23.08,23.49,23.6,95.0,1009.0
Kurunegala,forecast,35.63,39,1009,1.4,2026-03-29 11:30:00,0.0,11,29,3,27.95,23.08,23.49,73.0,1011.0
Kurunegala,forecast,37.59,27,1005,2.84,2026-03-29 14:30:00,0.0,14,29,3,35.63,27.95,23.08,39.0,1009.0
Kurunegala,forecast,30.09,60,1006,3.58,2026-03-29 17:30:00,0.0,17,29,3,37.59,35.63,27.95,27.0,1005.0
Kurunegala,forecast,23.93,93,1010,0.27,2026-03-29 20:30:00,1.0,20,29,3,30.09,37.59,35.63,60.0,1006.0
Kurunegala,forecast,23.53,95,1010,0.86,2026-03-29 23:30:00,1.0,23,29,3,23.93,30.09,37.59,93.0,1010.0
Kurunegala,forecast,22.85,96,1008,0.95,2026-03-30 02:30:00,0.0,2,30,3,23.53,23.93,30.09,95.0,1010.0
Kurunegala,forecast,22.29,96,1009,1.17,2026-03-30 05:30:00,0.0,5,30,3,22.85,23.53,23.93,96.0,1008.0
Kurunegala,forecast,27.69,72,1011,0.73,2026-03-30 08:30:00,0.0,8,30,3,22.29,22.85,23.53,96.0,1009.0
Kurunegala,forecast,35.18,38,1010,1.27,2026-03-30 11:30:00,0.0,11,30,3,27.69,22.29,22.85,72.0,1011.0
Kurunegala,forecast,37.4,26,1006,2.61,2026-03-30 14:30:00,0.0,14,30,3,35.18,27.69,22.29,38.0,1010.0
Kurunegala,forecast,28.27,73,1007,3.29,2026-03-30 17:30:00,0.57,17,30,3,37.4,35.18,27.69,26.0,1006.0
Kurunegala,forecast,24.28,94,1011,0.89,2026-03-30 20:30:00,1.0,20,30,3,28.27,37.4,35.18,73.0,1007.0
Kurunegala,forecast,23.85,94,1011,0.98,2026-03-30 23:30:00,1.0,23,30,3,24.28,28.27,37.4,94.0,1011.0
Kurunegala,forecast,23.03,95,1009,0.96,2026-03-31 02:30:00,0.0,2,31,3,23.85,24.28,28.27,94.0,1011.0
Kurunegala,forecast,22.51,95,1009,0.98,2026-03-31 05:30:00,0.0,5,31,3,23.03,23.85,24.28,95.0,1009.0
Kurunegala,forecast,26.73,78,1012,0.37,2026-03-31 08:30:00,0.0,8,31,3,22.51,23.03,23.85,95.0,1009.0
Kurunegala,forecast,34.85,41,1010,1.24,2026-03-31 11:30:00,0.0,11,31,3,26.73,22.51,23.03,78.0,1012.0
Kurunegala,forecast,36.94,28,1006,2.38,2026-03-31 14:30:00,0.0,14,31,3,34.85,26.73,22.51,41.0,1010.0
Kurunegala,forecast,29.72,61,1007,3.09,2026-03-31 17:30:00,0.0,17,31,3,36.94,34.85,26.73,28.0,1006.0
Kurunegala,forecast,24.81,90,1010,0.96,2026-03-31 20:30:00,1.0,20,31,3,29.72,36.94,34.85,61.0,1007.0
Kurunegala,forecast,24.14,93,1011,0.96,2026-03-31 23:30:00,1.0,23,31,3,24.81,29.72,36.94,90.0,1010.0
Kurunegala,forecast,23.32,95,1009,0.85,2026-04-01 02:30:00,0.0,2,1,4,24.14,24.81,29.72,93.0,1011.0
Kurunegala,forecast,22.8,96,1009,0.91,2026-04-01 05:30:00,0.0,5,1,4,23.32,24.14,24.81,95.0,1009.0
Kurunegala,forecast,27.43,77,1011,0.5,2026-04-01 08:30:00,0.0,8,1,4,22.8,23.32,24.14,96.0,1009.0
Kurunegala,forecast,35.26,39,1009,1.43,2026-04-01 11:30:00,0.0,11,1,4,27.43,22.8,23.32,77.0,1011.0
Kurunegala,forecast,37.09,26,1005,2.7,2026-04-01 14:30:00,0.0,14,1,4,35.26,27.43,22.8,39.0,1009.0
Kurunegala,forecast,29.37,62,1007,3.09,2026-04-01 17:30:00,0.0,17,1,4,37.09,35.26,27.43,26.0,1005.0
Kurunegala,forecast,24.57,92,1010,0.68,2026-04-01 20:30:00,1.0,20,1,4,29.37,37.09,35.26,62.0,1007.0
Kurunegala,forecast,24.11,93,1011,0.63,2026-04-01 23:30:00,1.0,23,1,4,24.57,29.37,37.09,92.0,1010.0
Kurunegala,forecast,23.19,96,1009,0.99,2026-04-02 02:30:00,0.0,2,2,4,24.11,24.57,29.37,93.0,1011.0
Kurunegala,forecast,22.86,95,1009,0.8,2026-04-02 05:30:00,0.0,5,2,4,23.19,24.11,24.57,96.0,1009.0
Kurunegala,forecast,26.59,79,1011,0.49,2026-04-02 08:30:00,0.0,8,2,4,22.86,23.19,24.11,95.0,1009.0
Kurunegala,forecast,34.41,42,1010,1.51,2026-04-02 11:30:00,0.0,11,2,4,26.59,22.86,23.19,79.0,1011.0
Kurunegala,forecast,36.09,31,1006,3.64,2026-04-02 14:30:00,0.0,14,2,4,34.41,26.59,22.86,42.0,1010.0
Kurunegala,forecast,29.64,62,1008,2.95,2026-04-02 17:30:00,0.0,17,2,4,36.09,34.41,26.59,31.0,1006.0
Kurunegala,forecast,25.13,87,1011,0.91,2026-04-02 20:30:00,0.71,20,2,4,29.64,36.09,34.41,62.0,1008.0
Mannar,forecast,26.23,82,1008,3.69,2026-03-29 05:30:00,0.0,5,29,3,26.51,26.66,27.13,80.0,1008.0
Mannar,forecast,27.87,77,1010,3.38,2026-03-29 08:30:00,0.0,8,29,3,26.23,26.51,26.66,82.0,1008.0
Mannar,forecast,29.5,70,1009,4.94,2026-03-29 11:30:00,0.0,11,29,3,27.87,26.23,26.51,77.0,1010.0
Mannar,forecast,29.79,68,1006,5.45,2026-03-29 14:30:00,0.0,14,29,3,29.5,27.87,26.23,70.0,1009.0
Mannar,forecast,29.33,70,1006,1.81,2026-03-29 17:30:00,0.0,17,29,3,29.79,29.5,27.87,68.0,1006.0
Mannar,forecast,28.29,79,1009,3.1,2026-03-29 20:30:00,0.0,20,29,3,29.33,29.79,29.5,70.0,1006.0
Mannar,forecast,27.56,82,1009,4.17,2026-03-29 23:30:00,0.0,23,29,3,28.29,29.33,29.79,79.0,1009.0
Mannar,forecast,27.4,81,1007,4.42,2026-03-30 02:30:00,0.2,2,30,3,27.56,28.29,29.33,82.0,1009.0
Mannar,forecast,27.02,82,1008,2.91,2026-03-30 05:30:00,0.0,5,30,3,27.4,27.56,28.29,81.0,1007.0
Mannar,forecast,28.1,78,1010,4.26,2026-03-30 08:30:00,0.0,8,30,3,27.02,27.4,27.56,82.0,1008.0
Mannar,forecast,29.43,71,1010,4.63,2026-03-30 11:30:00,0.0,11,30,3,28.1,27.02,27.4,78.0,1010.0
Mannar,forecast,29.14,74,1007,6.39,2026-03-30 14:30:00,0.0,14,30,3,29.43,28.1,27.02,71.0,1010.0
Mannar,forecast,28.96,72,1007,2.13,2026-03-30 17:30:00,0.0,17,30,3,29.14,29.43,28.1,74.0,1007.0
Mannar,forecast,28.38,76,1010,1.31,2026-03-30 20:30:00,0.2,20,30,3,28.96,29.14,29.43,72.0,1007.0
Mannar,forecast,27.67,78,1010,2.87,2026-03-30 23:30:00,0.05,23,30,3,28.38,28.96,29.14,76.0,1010.0
Mannar,forecast,26.76,81,1008,3.63,2026-03-31 02:30:00,0.0,2,31,3,27.67,28.38,28.96,78.0,1010.0
Mannar,forecast,26.19,84,1009,2.97,2026-03-31 05:30:00,0.0,5,31,3,26.76,27.67,28.38,81.0,1008.0
Mannar,forecast,27.33,80,1011,3.3,2026-03-31 08:30:00,0.0,8,31,3,26.19,26.76,27.67,84.0,1009.0
Mannar,forecast,28.72,71,1010,2.87,2026-03-31 11:30:00,0.2,11,31,3,27.33,26.19,26.76,80.0,1011.0
Mannar,forecast,29.09,71,1007,4.72,2026-03-31 14:30:00,0.0,14,31,3,28.72,27.33,26.19,71.0,1010.0
Mannar,forecast,28.96,70,1007,2.31,2026-03-31 17:30:00,0.0,17,31,3,29.09,28.72,27.33,71.0,1007.0
Mannar,forecast,28.33,72,1009,2.33,2026-03-31 20:30:00,0.0,20,31,3,28.96,29.09,28.72,70.0,1007.0
Mannar,forecast,26.37,82,1010,5.85,2026-03-31 23:30:00,0.0,23,31,3,28.33,28.96,29.09,72.0,1009.0
Mannar,forecast,25.46,88,1008,5.01,2026-04-01 02:30:00,0.0,2,1,4,26.37,28.33,28.96,82.0,1010.0
Mannar,forecast,25.22,88,1009,4.61,2026-04-01 05:30:00,0.0,5,1,4,25.46,26.37,28.33,88.0,1008.0
Mannar,forecast,27.19,77,1011,3.72,2026-04-01 08:30:00,0.0,8,1,4,25.22,25.46,26.37,88.0,1009.0
Mannar,forecast,29.02,67,1010,3.8,2026-04-01 11:30:00,0.0,11,1,4,27.19,25.22,25.46,77.0,1011.0
Mannar,forecast,28.48,73,1007,4.83,2026-04-01 14:30:00,0.0,14,1,4,29.02,27.19,25.22,67.0,1010.0
Mannar,forecast,28.47,66,1007,3.97,2026-04-01 17:30:00,0.0,17,1,4,28.48,29.02,27.19,73.0,1007.0
Mannar,forecast,28.0,65,1009,3.97,2026-04-01 20:30:00,0.0,20,1,4,28.47,28.48,29.02,66.0,1007.0
Mannar,forecast,26.09,71,1010,5.7,2026-04-01 23:30:00,0.0,23,1,4,28.0,28.47,28.48,65.0,1009.0
Mannar,forecast,25.18,75,1008,5.13,2026-04-02 02:30:00,0.0,2,2,4,26.09,28.0,28.47,71.0,1010.0
Mannar,forecast,24.92,73,1009,3.57,2026-04-02 05:30:00,0.0,5,2,4,25.18,26.09,28.0,75.0,1008.0
Mannar,forecast,26.73,68,1011,1.59,2026-04-02 08:30:00,0.0,8,2,4,24.92,25.18,26.09,73.0,1009.0
Mannar,forecast,27.35,71,1011,2.98,2026-04-02 11:30:00,0.0,11,2,4,26.73,24.92,25.18,68.0,1011.0
Mannar,forecast,28.4,73,1008,5.39,2026-04-02 14:30:00,0.0,14,2,4,27.35,26.73,24.92,71.0,1011.0
Mannar,forecast,28.11,72,1008,2.18,2026-04-02 17:30:00,0.0,17,2,4,28.4,27.35,26.73,73.0,1008.0
Mannar,forecast,27.51,74,1010,1.35,2026-04-02 20:30:00,0.0,20,2,4,28.11,28.4,27.35,72.0,1008.0
Matale,forecast,18.93,98,1010,1.16,2026-03-29 05:30:00,0.0,5,29,3,19.35,19.47,19.48,97.0,1010.0
Matale,forecast,24.43,73,1012,0.28,2026-03-29 08:30:00,0.0,8,29,3,18.93,19.35,19.47,98.0,1010.0
Matale,forecast,31.36,39,1010,1.48,2026-03-29 11:30:00,0.0,11,29,3,24.43,18.93,19.35,73.0,1012.0
Matale,forecast,33.22,28,1006,1.95,2026-03-29 14:30:00,0.0,14,29,3,31.36,24.43,18.93,39.0,1010.0
Matale,forecast,26.13,61,1007,2.11,2026-03-29 17:30:00,0.2,17,29,3,33.22,31.36,24.43,28.0,1006.0
Matale,forecast,20.7,92,1011,0.17,2026-03-29 20:30:00,0.94,20,29,3,26.13,33.22,31.36,61.0,1007.0
Matale,forecast,19.76,97,1011,0.78,2026-03-29 23:30:00,0.76,23,29,3,20.7,26.13,33.22,92.0,1011.0
Matale,forecast,19.02,98,1009,0.96,2026-03-30 02:30:00,0.0,2,30,3,19.76,20.7,26.13,97.0,1011.0
Matale,forecast,18.43,97,1010,1.04,2026-03-30 05:30:00,0.0,5,30,3,19.02,19.76,20.7,98.0,1009.0
Matale,forecast,24.74,70,1012,0.1,2026-03-30 08:30:00,0.0,8,30,3,18.43,19.02,19.76,97.0,1010.0
Matale,forecast,31.93,33,1010,1.18,2026-03-30 11:30:00,0.0,11,30,3,24.74,18.43,19.02,70.0,1012.0
Matale,forecast,33.11,27,1007,1.5,2026-03-30 14:30:00,0.0,14,30,3,31.93,24.74,18.43,33.0,1010.0
Matale,forecast,24.6,67,1008,1.91,2026-03-30 17:30:00,0.75,17,30,3,33.11,31.93,24.74,27.0,1007.0
Matale,forecast,20.33,91,1012,0.45,2026-03-30 20:30:00,0.86,20,30,3,24.6,33.11,31.93,67.0,1008.0
Matale,forecast,19.97,96,1012,0.69,2026-03-30 23:30:00,0.64,23,30,3,20.33,24.6,33.11,91.0,1012.0
Matale,forecast,19.12,98,1010,0.89,2026-03-31 02:30:00,0.0,2,31,3,19.97,20.33,24.6,96.0,1012.0
Matale,forecast,18.67,97,1010,1.15,2026-03-31 05:30:00,0.0,5,31,3,19.12,19.97,20.33,98.0,1010.0
Matale,forecast,24.41,72,1012,0.36,2026-03-31 08:30:00,0.0,8,31,3,18.67,19.12,19.97,97.0,1010.0
Matale,forecast,31.26,38,1010,1.53,2026-03-31 11:30:00,0.0,11,31,3,24.41,18.67,19.12,72.0,1012.0
Matale,forecast,32.48,30,1007,2.03,2026-03-31 14:30:00,0.0,14,31,3,31.26,24.41,18.67,38.0,1010.0
Matale,forecast,26.15,57,1008,1.13,2026-03-31 17:30:00,0.0,17,31,3,32.48,31.26,24.41,30.0,1007.0
Matale,forecast,20.78,89,1011,0.6,2026-03-31 20:30:00,0.94,20,31,3,26.15,32.48,31.26,57.0,1008.0
Matale,forecast,20.05,96,1012,0.61,2026-03-31 23:30:00,0.83,23,31,3,20.78,26.15,32.48,89.0,1011.0
Matale,forecast,19.16,98,1010,0.95,2026-04-01 02:30:00,0.0,2,1,4,20.05,20.78,26.15,96.0,1012.0
Matale,forecast,18.57,98,1011,0.82,2026-04-01 05:30:00,0.0,5,1,4,19.16,20.05,20.78,98.0,1010.0
Matale,forecast,24.59,72,1012,0.76,2026-04-01 08:30:00,0.0,8,1,4,18.57,19.16,20.05,98.0,1011.0
Matale,forecast,31.2,35,1010,1.49,2026-04-01 11:30:00,0.0,11,1,4,24.59,18.57,19.16,72.0,1012.0
Matale,forecast,32.56,28,1006,2.01,2026-04-01 14:30:00,0.0,14,1,4,31.2,24.59,18.57,35.0,1010.0
Matale,forecast,25.59,58,1008,1.33,2026-04-01 17:30:00,0.0,17,1,4,32.56,31.2,24.59,28.0,1006.0
Matale,forecast,20.42,91,1011,0.37,2026-04-01 20:30:00,0.88,20,1,4,25.59,32.56,31.2,58.0,1008.0
Matale,forecast,19.73,94,1012,0.84,2026-04-01 23:30:00,0.75,23,1,4,20.42,25.59,32.56,91.0,1011.0
Matale,forecast,19.68,93,1010,0.98,2026-04-02 02:30:00,0.0,2,2,4,19.73,20.42,25.59,94.0,1012.0
Matale,forecast,18.68,95,1010,0.9,2026-04-02 05:30:00,0.0,5,2,4,19.68,19.73,20.42,93.0,1010.0
Matale,forecast,24.64,68,1012,0.7,2026-04-02 08:30:00,0.0,8,2,4,18.68,19.68,19.73,95.0,1010.0
Matale,forecast,31.31,34,1011,1.63,2026-04-02 11:30:00,0.0,11,2,4,24.64,18.68,19.68,68.0,1012.0
Matale,forecast,32.7,29,1007,1.67,2026-04-02 14:30:00,0.0,14,2,4,31.31,24.64,18.68,34.0,1011.0
Matale,forecast,25.67,58,1009,1.5,2026-04-02 17:30:00,0.0,17,2,4,32.7,31.31,24.64,29.0,1007.0
Matale,forecast,21.15,91,1012,0.74,2026-04-02 20:30:00,1.0,20,2,4,25.67,32.7,31.31,58.0,1009.0
Matara,forecast,25.4,86,1009,2.33,2026-03-29 05:30:00,0.24,5,29,3,25.6,25.81,26.23,85.0,1009.0
Matara,forecast,28.77,70,1010,1.8,2026-03-29 08:30:00,0.0,8,29,3,25.4,25.6,25.81,86.0,1009.0
Matara,forecast,29.79,66,1010,3.26,2026-03-29 11:30:00,0.54,11,29,3,28.77,25.4,25.6,70.0,1010.0
Matara,forecast,30.41,62,1007,4.19,2026-03-29 14:30:00,0.49,14,29,3,29.79,28.77,25.4,66.0,1010.0
Matara,forecast,28.86,69,1007,4.38,2026-03-29 17:30:00,0.37,17,29,3,30.41,29.79,28.77,62.0,1007.0
Matara,forecast,25.9,85,1010,2.8,2026-03-29 20:30:00,0.75,20,29,3,28.86,30.41,29.79,69.0,1007.0
Matara,forecast,25.44,88,1010,2.2,2026-03-29 23:30:00,0.4,23,29,3,25.9,28.86,30.41,85.0,1010.0
Matara,forecast,24.76,91,1007,1.96,2026-03-30 02:30:00,0.0,2,30,3,25.44,25.9,28.86,88.0,1010.0
Matara,forecast,24.54,92,1008,2.09,2026-03-30 05:30:00,0.0,5,30,3,24.76,25.44,25.9,91.0,1007.0
Matara,forecast,27.78,78,1011,1.5,2026-03-30 08:30:00,0.09,8,30,3,24.54,24.76,25.44,92.0,1008.0
Matara,forecast,30.98,62,1010,3.5,2026-03-30 11:30:00,0.03,11,30,3,27.78,24.54,24.76,78.0,1011.0
Matara,forecast,30.73,61,1008,3.57,2026-03-30 14:30:00,0.56,14,30,3,30.98,27.78,24.54,62.0,1010.0
Matara,forecast,28.86,70,1008,3.57,2026-03-30 17:30:00,0.44,17,30,3,30.73,30.98,27.78,61.0,1008.0
Matara,forecast,26.1,84,1011,2.19,2026-03-30 20:30:00,0.89,20,30,3,28.86,30.73,30.98,70.0,1008.0
Matara,forecast,25.58,87,1011,1.47,2026-03-30 23:30:00,0.62,23,30,3,26.1,28.86,30.73,84.0,1011.0
Matara,forecast,25.11,88,1008,0.86,2026-03-31 02:30:00,0.38,2,31,3,25.58,26.1,28.86,87.0,1011.0
Matara,forecast,24.48,90,1009,1.61,2026-03-31 05:30:00,0.24,5,31,3,25.11,25.58,26.1,88.0,1008.0
Matara,forecast,27.71,77,1011,0.92,2026-03-31 08:30:00,0.0,8,31,3,24.48,25.11,25.58,90.0,1009.0
Matara,forecast,30.67,63,1010,3.06,2026-03-31 11:30:00,0.0,11,31,3,27.71,24.48,25.11,77.0,1011.0
Matara,forecast,30.0,64,1007,3.72,2026-03-31 14:30:00,0.0,14,31,3,30.67,27.71,24.48,63.0,1010.0
Matara,forecast,28.56,69,1008,2.24,2026-03-31 17:30:00,0.3,17,31,3,30.0,30.67,27.71,64.0,1007.0
Matara,forecast,25.99,80,1010,0.85,2026-03-31 20:30:00,0.82,20,31,3,28.56,30.0,30.67,69.0,1008.0
Matara,forecast,25.25,85,1010,1.04,2026-03-31 23:30:00,0.91,23,31,3,25.99,28.56,30.0,80.0,1010.0
Matara,forecast,24.58,88,1008,1.76,2026-04-01 02:30:00,0.87,2,1,4,25.25,25.99,28.56,85.0,1010.0
Matara,forecast,24.53,89,1009,1.94,2026-04-01 05:30:00,0.72,5,1,4,24.58,25.25,25.99,88.0,1008.0
Matara,forecast,27.79,74,1011,2.64,2026-04-01 08:30:00,0.26,8,1,4,24.53,24.58,25.25,89.0,1009.0
Matara,forecast,30.74,60,1010,4.36,2026-04-01 11:30:00,0.29,11,1,4,27.79,24.53,24.58,74.0,1011.0
Matara,forecast,29.82,66,1007,5.68,2026-04-01 14:30:00,0.0,14,1,4,30.74,27.79,24.53,60.0,1010.0
Matara,forecast,28.29,71,1007,3.84,2026-04-01 17:30:00,0.03,17,1,4,29.82,30.74,27.79,66.0,1007.0
Matara,forecast,26.2,79,1010,2.99,2026-04-01 20:30:00,0.0,20,1,4,28.29,29.82,30.74,71.0,1007.0
Matara,forecast,25.42,79,1011,2.81,2026-04-01 23:30:00,0.0,23,1,4,26.2,28.29,29.82,79.0,1010.0
Matara,forecast,24.63,79,1009,2.89,2026-04-02 02:30:00,0.0,2,2,4,25.42,26.2,28.29,79.0,1011.0
Matara,forecast,23.97,78,1010,3.15,2026-04-02 05:30:00,0.0,5,2,4,24.63,25.42,26.2,79.0,1009.0
Matara,forecast,27.53,62,1011,3.97,2026-04-02 08:30:00,0.0,8,2,4,23.97,24.63,25.42,78.0,1010.0
Matara,forecast,30.78,46,1011,4.65,2026-04-02 11:30:00,0.0,11,2,4,27.53,23.97,24.63,62.0,1011.0
Matara,forecast,30.5,46,1008,4.65,2026-04-02 14:30:00,0.0,14,2,4,30.78,27.53,23.97,46.0,1011.0
Matara,forecast,28.02,58,1008,3.98,2026-04-02 17:30:00,0.0,17,2,4,30.5,30.78,27.53,46.0,1008.0
Matara,forecast,25.0,72,1011,2.45,2026-04-02 20:30:00,0.0,20,2,4,28.02,30.5,30.78,58.0,1008.0
Monaragala,forecast,23.02,94,1009,0.63,2026-03-29 05:30:00,0.0,5,29,3,23.53,23.66,23.7,94.0,1009.0
Monaragala,forecast,27.5,76,1011,0.79,2026-03-29 08:30:00,0.0,8,29,3,23.02,23.53,23.66,94.0,1009.0
Monaragala,forecast,33.93,46,1010,1.5,2026-03-29 11:30:00,0.0,11,29,3,27.5,23.02,23.53,76.0,1011.0
Monaragala,forecast,35.69,35,1005,4.23,2026-03-29 14:30:00,0.0,14,29,3,33.93,27.5,23.02,46.0,1010.0
Monaragala,forecast,28.75,71,1007,2.49,2026-03-29 17:30:00,0.74,17,29,3,35.69,33.93,27.5,35.0,1005.0
Monaragala,forecast,24.88,88,1010,2.24,2026-03-29 20:30:00,0.2,20,29,3,28.75,35.69,33.93,71.0,1007.0
Monaragala,forecast,23.49,94,1010,1.12,2026-03-29 23:30:00,0.0,23,29,3,24.88,28.75,35.69,88.0,1010.0
Monaragala,forecast,22.81,92,1008,0.79,2026-03-30 02:30:00,0.0,2,30,3,23.49,24.88,28.75,94.0,1010.0
Monaragala,forecast,22.3,91,1009,1.07,2026-03-30 05:30:00,0.0,5,30,3,22.81,23.49,24.88,92.0,1008.0
Monaragala,forecast,28.05,70,1011,0.47,2026-03-30 08:30:00,0.0,8,30,3,22.3,22.81,23.49,91.0,1009.0
Monaragala,forecast,34.2,41,1010,1.72,2026-03-30 11:30:00,0.0,11,30,3,28.05,22.3,22.81,70.0,1011.0
Monaragala,forecast,35.39,36,1007,3.09,2026-03-30 14:30:00,0.0,14,30,3,34.2,28.05,22.3,41.0,1010.0
Monaragala,forecast,29.01,66,1008,3.66,2026-03-30 17:30:00,0.54,17,30,3,35.39,34.2,28.05,36.0,1007.0
Monaragala,forecast,25.74,82,1011,2.1,2026-03-30 20:30:00,0.22,20,30,3,29.01,35.39,34.2,66.0,1008.0
Monaragala,forecast,24.18,92,1011,1.7,2026-03-30 23:30:00,0.2,23,30,3,25.74,29.01,35.39,82.0,1011.0
Monaragala,forecast,23.58,93,1009,0.9,2026-03-31 02:30:00,0.3,2,31,3,24.18,25.74,29.01,92.0,1011.0
Monaragala,forecast,22.76,93,1010,0.55,2026-03-31 05:30:00,0.0,5,31,3,23.58,24.18,25.74,93.0,1009.0
Monaragala,forecast,27.57,74,1012,0.43,2026-03-31 08:30:00,0.0,8,31,3,22.76,23.58,24.18,93.0,1010.0
Monaragala,forecast,34.26,42,1010,0.83,2026-03-31 11:30:00,0.0,11,31,3,27.57,22.76,23.58,74.0,1012.0
Monaragala,forecast,35.51,34,1006,3.57,2026-03-31 14:30:00,0.0,14,31,3,34.26,27.57,22.76,42.0,1010.0
Monaragala,forecast,28.06,73,1008,2.74,2026-03-31 17:30:00,0.8,17,31,3,35.51,34.26,27.57,34.0,1006.0
Monaragala,forecast,25.3,86,1011,1.62,2026-03-31 20:30:00,0.65,20,31,3,28.06,35.51,34.26,73.0,1008.0
Monaragala,forecast,25.14,87,1011,1.13,2026-03-31 23:30:00,0.46,23,31,3,25.3,28.06,35.51,86.0,1011.0
Monaragala,forecast,24.24,90,1009,0.86,2026-04-01 02:30:00,0.76,2,1,4,25.14,25.3,28.06,87.0,1011.0
Monaragala,forecast,22.97,93,1010,0.04,2026-04-01 05:30:00,0.57,5,1,4,24.24,25.14,25.3,90.0,1009.0
Monaragala,forecast,26.86,78,1012,1.37,2026-04-01 08:30:00,0.32,8,1,4,22.97,24.24,25.14,93.0,1010.0
Monaragala,forecast,33.0,44,1010,2.06,2026-04-01 11:30:00,0.37,11,1,4,26.86,22.97,24.24,78.0,1012.0
Monaragala,forecast,34.97,33,1006,3.77,2026-04-01 14:30:00,0.0,14,1,4,33.0,26.86,22.97,44.0,1010.0
Monaragala,forecast,28.61,59,1008,3.95,2026-04-01 17:30:00,0.0,17,1,4,34.97,33.0,26.86,33.0,1006.0
Monaragala,forecast,23.34,78,1011,0.69,2026-04-01 20:30:00,0.0,20,1,4,28.61,34.97,33.0,59.0,1008.0
Monaragala,forecast,22.82,80,1012,0.37,2026-04-01 23:30:00,0.0,23,1,4,23.34,28.61,34.97,78.0,1011.0
Monaragala,forecast,22.14,81,1010,0.48,2026-04-02 02:30:00,0.0,2,2,4,22.82,23.34,28.61,80.0,1012.0
Monaragala,forecast,21.47,82,1011,0.7,2026-04-02 05:30:00,0.0,5,2,4,22.14,22.82,23.34,81.0,1010.0
Monaragala,forecast,26.8,57,1012,1.41,2026-04-02 08:30:00,0.0,8,2,4,21.47,22.14,22.82,82.0,1011.0
Monaragala,forecast,33.11,30,1011,1.84,2026-04-02 11:30:00,0.0,11,2,4,26.8,21.47,22.14,57.0,1012.0
Monaragala,forecast,35.06,23,1008,2.84,2026-04-02 14:30:00,0.0,14,2,4,33.11,26.8,21.47,30.0,1011.0
Monaragala,forecast,29.69,41,1008,3.47,2026-04-02 17:30:00,0.0,17,2,4,35.06,33.11,26.8,23.0,1008.0
Monaragala,forecast,22.82,66,1012,1.27,2026-04-02 20:30:00,0.0,20,2,4,29.69,35.06,33.11,41.0,1008.0
Mullaitivu,forecast,24.7,84,1008,3.19,2026-03-29 05:30:00,0.0,5,29,3,25.38,25.8,26.14,79.0,1008.0
Mullaitivu,forecast,27.67,69,1011,2.77,2026-03-29 08:30:00,0.0,8,29,3,24.7,25.38,25.8,84.0,1008.0
Mullaitivu,forecast,30.89,59,1009,4.65,2026-03-29 11:30:00,0.0,11,29,3,27.67,24.7,25.38,69.0,1011.0
Mullaitivu,forecast,29.84,67,1006,4.58,2026-03-29 14:30:00,0.0,14,29,3,30.89,27.67,24.7,59.0,1009.0
Mullaitivu,forecast,28.42,73,1007,3.07,2026-03-29 17:30:00,0.0,17,29,3,29.84,30.89,27.67,67.0,1006.0
Mullaitivu,forecast,26.77,81,1009,3.15,2026-03-29 20:30:00,0.0,20,29,3,28.42,29.84,30.89,73.0,1007.0
Mullaitivu,forecast,25.91,84,1009,3.5,2026-03-29 23:30:00,0.0,23,29,3,26.77,28.42,29.84,81.0,1009.0
Mullaitivu,forecast,25.07,90,1007,3.27,2026-03-30 02:30:00,0.0,2,30,3,25.91,26.77,28.42,84.0,1009.0
Mullaitivu,forecast,24.9,90,1008,2.79,2026-03-30 05:30:00,0.0,5,30,3,25.07,25.91,26.77,90.0,1007.0
Mullaitivu,forecast,28.16,74,1011,2.92,2026-03-30 08:30:00,0.0,8,30,3,24.9,25.07,25.91,90.0,1008.0
Mullaitivu,forecast,30.61,61,1010,5.31,2026-03-30 11:30:00,0.0,11,30,3,28.16,24.9,25.07,74.0,1011.0
Mullaitivu,forecast,30.29,62,1007,5.94,2026-03-30 14:30:00,0.0,14,30,3,30.61,28.16,24.9,61.0,1010.0
Mullaitivu,forecast,28.8,70,1007,3.98,2026-03-30 17:30:00,0.0,17,30,3,30.29,30.61,28.16,62.0,1007.0
Mullaitivu,forecast,26.64,82,1010,3.42,2026-03-30 20:30:00,0.0,20,30,3,28.8,30.29,30.61,70.0,1007.0
Mullaitivu,forecast,25.88,87,1010,3.79,2026-03-30 23:30:00,0.0,23,30,3,26.64,28.8,30.29,82.0,1010.0
Mullaitivu,forecast,25.08,91,1008,3.07,2026-03-31 02:30:00,0.0,2,31,3,25.88,26.64,28.8,87.0,1010.0
Mullaitivu,forecast,25.18,89,1009,3.08,2026-03-31 05:30:00,0.0,5,31,3,25.08,25.88,26.64,91.0,1008.0
Mullaitivu,forecast,28.28,71,1011,2.92,2026-03-31 08:30:00,0.0,8,31,3,25.18,25.08,25.88,89.0,1009.0
Mullaitivu,forecast,30.22,63,1010,4.83,2026-03-31 11:30:00,0.0,11,31,3,28.28,25.18,25.08,71.0,1011.0
Mullaitivu,forecast,30.3,62,1007,4.69,2026-03-31 14:30:00,0.0,14,31,3,30.22,28.28,25.18,63.0,1010.0
Mullaitivu,forecast,28.58,69,1007,3.56,2026-03-31 17:30:00,0.0,17,31,3,30.3,30.22,28.28,62.0,1007.0
Mullaitivu,forecast,26.52,77,1010,3.36,2026-03-31 20:30:00,0.0,20,31,3,28.58,30.3,30.22,69.0,1007.0
Mullaitivu,forecast,26.06,77,1010,4.14,2026-03-31 23:30:00,0.0,23,31,3,26.52,28.58,30.3,77.0,1010.0
Mullaitivu,forecast,25.35,80,1008,3.5,2026-04-01 02:30:00,0.0,2,1,4,26.06,26.52,28.58,77.0,1010.0
Mullaitivu,forecast,24.91,81,1009,3.3,2026-04-01 05:30:00,0.0,5,1,4,25.35,26.06,26.52,80.0,1008.0
Mullaitivu,forecast,28.27,64,1011,3.89,2026-04-01 08:30:00,0.0,8,1,4,24.91,25.35,26.06,81.0,1009.0
Mullaitivu,forecast,30.04,56,1010,5.14,2026-04-01 11:30:00,0.0,11,1,4,28.27,24.91,25.35,64.0,1011.0
Mullaitivu,forecast,29.76,57,1007,5.3,2026-04-01 14:30:00,0.0,14,1,4,30.04,28.27,24.91,56.0,1010.0
Mullaitivu,forecast,28.18,62,1007,4.4,2026-04-01 17:30:00,0.0,17,1,4,29.76,30.04,28.27,57.0,1007.0
Mullaitivu,forecast,26.32,66,1010,4.09,2026-04-01 20:30:00,0.0,20,1,4,28.18,29.76,30.04,62.0,1007.0
Mullaitivu,forecast,25.67,68,1010,4.31,2026-04-01 23:30:00,0.0,23,1,4,26.32,28.18,29.76,66.0,1010.0
Mullaitivu,forecast,24.39,73,1009,3.54,2026-04-02 02:30:00,0.0,2,2,4,25.67,26.32,28.18,68.0,1010.0
Mullaitivu,forecast,23.67,77,1009,3.34,2026-04-02 05:30:00,0.0,5,2,4,24.39,25.67,26.32,73.0,1009.0
Mullaitivu,forecast,26.76,63,1012,2.98,2026-04-02 08:30:00,0.0,8,2,4,23.67,24.39,25.67,77.0,1009.0
Mullaitivu,forecast,30.04,51,1011,4.0,2026-04-02 11:30:00,0.0,11,2,4,26.76,23.67,24.39,63.0,1012.0
Mullaitivu,forecast,29.84,53,1008,6.48,2026-04-02 14:30:00,0.0,14,2,4,30.04,26.76,23.67,51.0,1011.0
Mullaitivu,forecast,28.58,56,1008,3.69,2026-04-02 17:30:00,0.0,17,2,4,29.84,30.04,26.76,53.0,1008.0
Mullaitivu,forecast,26.56,66,1011,3.63,2026-04-02 20:30:00,0.0,20,2,4,28.58,29.84,30.04,56.0,1008.0
Nuwara Eliya,forecast,12.03,88,1013,1.36,2026-03-29 05:30:00,0.0,5,29,3,12.31,12.55,12.25,93.0,1013.0
Nuwara Eliya,forecast,17.37,64,1014,1.16,2026-03-29 08:30:00,0.0,8,29,3,12.03,12.31,12.55,88.0,1013.0
Nuwara Eliya,forecast,21.08,49,1012,2.26,2026-03-29 11:30:00,0.0,11,29,3,17.37,12.03,12.31,64.0,1014.0
Nuwara Eliya,forecast,21.92,42,1009,2.19,2026-03-29 14:30:00,0.46,14,29,3,21.08,17.37,12.03,49.0,1012.0
Nuwara Eliya,forecast,16.99,66,1010,1.53,2026-03-29 17:30:00,0.59,17,29,3,21.92,21.08,17.37,42.0,1009.0
Nuwara Eliya,forecast,12.32,89,1013,0.87,2026-03-29 20:30:00,0.03,20,29,3,16.99,21.92,21.08,66.0,1010.0
Nuwara Eliya,forecast,11.66,92,1014,0.8,2026-03-29 23:30:00,0.0,23,29,3,12.32,16.99,21.92,89.0,1013.0
Nuwara Eliya,forecast,11.17,93,1011,0.47,2026-03-30 02:30:00,0.0,2,30,3,11.66,12.32,16.99,92.0,1014.0
Nuwara Eliya,forecast,10.51,84,1013,1.17,2026-03-30 05:30:00,0.0,5,30,3,11.17,11.66,12.32,93.0,1011.0
Nuwara Eliya,forecast,17.46,54,1014,0.92,2026-03-30 08:30:00,0.0,8,30,3,10.51,11.17,11.66,84.0,1013.0
Nuwara Eliya,forecast,21.61,39,1013,1.9,2026-03-30 11:30:00,0.0,11,30,3,17.46,10.51,11.17,54.0,1014.0
Nuwara Eliya,forecast,21.79,43,1010,1.33,2026-03-30 14:30:00,0.2,14,30,3,21.61,17.46,10.51,39.0,1013.0
Nuwara Eliya,forecast,17.85,65,1011,1.25,2026-03-30 17:30:00,0.62,17,30,3,21.79,21.61,17.46,43.0,1010.0
Nuwara Eliya,forecast,12.46,87,1015,0.29,2026-03-30 20:30:00,0.3,20,30,3,17.85,21.79,21.61,65.0,1011.0
Nuwara Eliya,forecast,11.5,93,1015,1.03,2026-03-30 23:30:00,0.04,23,30,3,12.46,17.85,21.79,87.0,1015.0
Nuwara Eliya,forecast,10.96,93,1012,0.71,2026-03-31 02:30:00,0.0,2,31,3,11.5,12.46,17.85,93.0,1015.0
Nuwara Eliya,forecast,10.65,90,1013,0.74,2026-03-31 05:30:00,0.0,5,31,3,10.96,11.5,12.46,93.0,1012.0
Nuwara Eliya,forecast,16.8,63,1014,0.91,2026-03-31 08:30:00,0.0,8,31,3,10.65,10.96,11.5,90.0,1013.0
Nuwara Eliya,forecast,21.09,45,1013,2.02,2026-03-31 11:30:00,0.0,11,31,3,16.8,10.65,10.96,63.0,1014.0
Nuwara Eliya,forecast,21.49,44,1010,1.42,2026-03-31 14:30:00,0.24,14,31,3,21.09,16.8,10.65,45.0,1013.0
Nuwara Eliya,forecast,16.94,67,1011,1.13,2026-03-31 17:30:00,0.58,17,31,3,21.49,21.09,16.8,44.0,1010.0
Nuwara Eliya,forecast,12.38,86,1014,0.59,2026-03-31 20:30:00,0.32,20,31,3,16.94,21.49,21.09,67.0,1011.0
Nuwara Eliya,forecast,11.4,92,1015,0.4,2026-03-31 23:30:00,0.0,23,31,3,12.38,16.94,21.49,86.0,1014.0
Nuwara Eliya,forecast,10.5,92,1012,0.66,2026-04-01 02:30:00,0.0,2,1,4,11.4,12.38,16.94,92.0,1015.0
Nuwara Eliya,forecast,10.1,90,1013,0.67,2026-04-01 05:30:00,0.0,5,1,4,10.5,11.4,12.38,92.0,1012.0
Nuwara Eliya,forecast,16.75,60,1014,1.31,2026-04-01 08:30:00,0.0,8,1,4,10.1,10.5,11.4,90.0,1013.0
Nuwara Eliya,forecast,21.14,41,1012,2.08,2026-04-01 11:30:00,0.0,11,1,4,16.75,10.1,10.5,60.0,1014.0
Nuwara Eliya,forecast,21.44,43,1010,1.51,2026-04-01 14:30:00,0.0,14,1,4,21.14,16.75,10.1,41.0,1012.0
Nuwara Eliya,forecast,16.35,69,1011,0.94,2026-04-01 17:30:00,0.35,17,1,4,21.44,21.14,16.75,43.0,1010.0
Nuwara Eliya,forecast,11.78,89,1014,0.44,2026-04-01 20:30:00,0.26,20,1,4,16.35,21.44,21.14,69.0,1011.0
Nuwara Eliya,forecast,11.64,92,1014,0.37,2026-04-01 23:30:00,0.08,23,1,4,11.78,16.35,21.44,89.0,1014.0
Nuwara Eliya,forecast,10.89,92,1013,0.28,2026-04-02 02:30:00,0.0,2,2,4,11.64,11.78,16.35,92.0,1014.0
Nuwara Eliya,forecast,10.58,87,1013,1.19,2026-04-02 05:30:00,0.0,5,2,4,10.89,11.64,11.78,92.0,1013.0
Nuwara Eliya,forecast,17.2,56,1014,0.9,2026-04-02 08:30:00,0.0,8,2,4,10.58,10.89,11.64,87.0,1013.0
Nuwara Eliya,forecast,22.28,35,1013,1.73,2026-04-02 11:30:00,0.0,11,2,4,17.2,10.58,10.89,56.0,1014.0
Nuwara Eliya,forecast,21.42,41,1011,0.74,2026-04-02 14:30:00,0.0,14,2,4,22.28,17.2,10.58,35.0,1013.0
Nuwara Eliya,forecast,16.88,68,1012,0.43,2026-04-02 17:30:00,0.0,17,2,4,21.42,22.28,17.2,41.0,1011.0
Nuwara Eliya,forecast,12.41,78,1015,0.3,2026-04-02 20:30:00,0.01,20,2,4,16.88,21.42,22.28,68.0,1012.0
Polonnaruwa,forecast,23.16,88,1009,0.4,2026-03-29 05:30:00,0.0,5,29,3,23.9,24.13,24.6,84.0,1009.0
Polonnaruwa,forecast,27.91,69,1011,0.13,2026-03-29 08:30:00,0.0,8,29,3,23.16,23.9,24.13,88.0,1009.0
Polonnaruwa,forecast,33.98,46,1009,1.84,2026-03-29 11:30:00,0.0,11,29,3,27.91,23.16,23.9,69.0,1011.0
Polonnaruwa,forecast,35.68,35,1005,3.99,2026-03-29 14:30:00,0.0,14,29,3,33.98,27.91,23.16,46.0,1009.0
Polonnaruwa,forecast,32.62,46,1005,4.29,2026-03-29 17:30:00,0.0,17,29,3,35.68,33.98,27.91,35.0,1005.0
Polonnaruwa,forecast,24.83,90,1009,1.75,2026-03-29 20:30:00,0.72,20,29,3,32.62,35.68,33.98,46.0,1005.0
Polonnaruwa,forecast,24.09,95,1010,1.09,2026-03-29 23:30:00,0.12,23,29,3,24.83,32.62,35.68,90.0,1009.0
Polonnaruwa,forecast,23.49,96,1007,1.2,2026-03-30 02:30:00,0.0,2,30,3,24.09,24.83,32.62,95.0,1010.0
Polonnaruwa,forecast,22.8,96,1009,0.75,2026-03-30 05:30:00,0.0,5,30,3,23.49,24.09,24.83,96.0,1007.0
Polonnaruwa,forecast,27.84,72,1011,1.18,2026-03-30 08:30:00,0.0,8,30,3,22.8,23.49,24.09,96.0,1009.0
Polonnaruwa,forecast,33.85,43,1010,2.61,2026-03-30 11:30:00,0.0,11,30,3,27.84,22.8,23.49,72.0,1011.0
Polonnaruwa,forecast,35.93,30,1006,3.56,2026-03-30 14:30:00,0.0,14,30,3,33.85,27.84,22.8,43.0,1010.0
Polonnaruwa,forecast,31.92,49,1006,5.0,2026-03-30 17:30:00,0.0,17,30,3,35.93,33.85,27.84,30.0,1006.0
Polonnaruwa,forecast,24.42,89,1011,0.97,2026-03-30 20:30:00,0.98,20,30,3,31.92,35.93,33.85,49.0,1006.0
Polonnaruwa,forecast,24.0,92,1011,0.53,2026-03-30 23:30:00,0.22,23,30,3,24.42,31.92,35.93,89.0,1011.0
Polonnaruwa,forecast,23.09,94,1009,0.56,2026-03-31 02:30:00,0.0,2,31,3,24.0,24.42,31.92,92.0,1011.0
Polonnaruwa,forecast,22.64,96,1009,0.2,2026-03-31 05:30:00,0.0,5,31,3,23.09,24.0,24.42,94.0,1009.0
Polonnaruwa,forecast,27.69,75,1012,0.81,2026-03-31 08:30:00,0.0,8,31,3,22.64,23.09,24.0,96.0,1009.0
Polonnaruwa,forecast,34.26,43,1010,1.25,2026-03-31 11:30:00,0.0,11,31,3,27.69,22.64,23.09,75.0,1012.0
Polonnaruwa,forecast,36.19,31,1006,3.14,2026-03-31 14:30:00,0.0,14,31,3,34.26,27.69,22.64,43.0,1010.0
Polonnaruwa,forecast,30.41,63,1006,6.12,2026-03-31 17:30:00,0.0,17,31,3,36.19,34.26,27.69,31.0,1006.0
Polonnaruwa,forecast,24.61,89,1010,1.76,2026-03-31 20:30:00,0.72,20,31,3,30.41,36.19,34.26,63.0,1006.0
Polonnaruwa,forecast,23.83,94,1011,1.65,2026-03-31 23:30:00,0.56,23,31,3,24.61,30.41,36.19,89.0,1010.0
Polonnaruwa,forecast,23.29,96,1009,1.3,2026-04-01 02:30:00,0.0,2,1,4,23.83,24.61,30.41,94.0,1011.0
Polonnaruwa,forecast,23.14,95,1009,0.56,2026-04-01 05:30:00,0.0,5,1,4,23.29,23.83,24.61,96.0,1009.0
Polonnaruwa,forecast,27.8,72,1011,1.58,2026-04-01 08:30:00,0.0,8,1,4,23.14,23.29,23.83,95.0,1009.0
Polonnaruwa,forecast,33.54,40,1010,3.25,2026-04-01 11:30:00,0.0,11,1,4,27.8,23.14,23.29,72.0,1011.0
Polonnaruwa,forecast,35.39,31,1006,3.8,2026-04-01 14:30:00,0.0,14,1,4,33.54,27.8,23.14,40.0,1010.0
Polonnaruwa,forecast,29.62,58,1006,5.57,2026-04-01 17:30:00,0.0,17,1,4,35.39,33.54,27.8,31.0,1006.0
Polonnaruwa,forecast,24.22,78,1011,0.75,2026-04-01 20:30:00,0.0,20,1,4,29.62,35.39,33.54,58.0,1006.0
Polonnaruwa,forecast,22.93,79,1011,1.6,2026-04-01 23:30:00,0.0,23,1,4,24.22,29.62,35.39,78.0,1011.0
Polonnaruwa,forecast,22.42,81,1009,1.54,2026-04-02 02:30:00,0.0,2,2,4,22.93,24.22,29.62,79.0,1011.0
Polonnaruwa,forecast,21.82,87,1010,1.2,2026-04-02 05:30:00,0.0,5,2,4,22.42,22.93,24.22,81.0,1009.0
Polonnaruwa,forecast,27.19,60,1012,1.92,2026-04-02 08:30:00,0.0,8,2,4,21.82,22.42,22.93,87.0,1010.0
Polonnaruwa,forecast,33.25,36,1010,3.02,2026-04-02 11:30:00,0.0,11,2,4,27.19,21.82,22.42,60.0,1012.0
Polonnaruwa,forecast,35.36,23,1007,3.89,2026-04-02 14:30:00,0.0,14,2,4,33.25,27.19,21.82,36.0,1010.0
Polonnaruwa,forecast,30.22,45,1007,5.44,2026-04-02 17:30:00,0.0,17,2,4,35.36,33.25,27.19,23.0,1007.0
Polonnaruwa,forecast,23.89,68,1011,1.42,2026-04-02 20:30:00,0.0,20,2,4,30.22,35.36,33.25,45.0,1007.0
Puttalam,forecast,27.25,79,1008,3.34,2026-03-29 05:30:00,0.0,5,29,3,27.64,27.81,27.92,76.0,1008.0
Puttalam,forecast,29.37,70,1010,3.26,2026-03-29 08:30:00,0.2,8,29,3,27.25,27.64,27.81,79.0,1008.0
Puttalam,forecast,30.77,62,1010,5.28,2026-03-29 11:30:00,0.2,11,29,3,29.37,27.25,27.64,70.0,1010.0
Puttalam,forecast,30.52,67,1006,8.28,2026-03-29 14:30:00,0.0,14,29,3,30.77,29.37,27.25,62.0,1010.0
Puttalam,forecast,29.33,72,1006,6.07,2026-03-29 17:30:00,0.0,17,29,3,30.52,30.77,29.37,67.0,1006.0
Puttalam,forecast,27.91,79,1009,3.72,2026-03-29 20:30:00,1.0,20,29,3,29.33,30.52,30.77,72.0,1006.0
Puttalam,forecast,27.6,80,1009,5.03,2026-03-29 23:30:00,1.0,23,29,3,27.91,29.33,30.52,79.0,1009.0
Puttalam,forecast,27.13,81,1007,3.96,2026-03-30 02:30:00,0.0,2,30,3,27.6,27.91,29.33,80.0,1009.0
Puttalam,forecast,27.02,82,1008,3.06,2026-03-30 05:30:00,0.0,5,30,3,27.13,27.6,27.91,81.0,1007.0
Puttalam,forecast,28.44,77,1011,3.14,2026-03-30 08:30:00,0.22,8,30,3,27.02,27.13,27.6,82.0,1008.0
Puttalam,forecast,30.4,67,1010,4.56,2026-03-30 11:30:00,0.0,11,30,3,28.44,27.02,27.13,77.0,1011.0
Puttalam,forecast,30.54,67,1007,7.2,2026-03-30 14:30:00,0.0,14,30,3,30.4,28.44,27.02,67.0,1010.0
Puttalam,forecast,29.36,72,1007,6.02,2026-03-30 17:30:00,0.0,17,30,3,30.54,30.4,28.44,67.0,1007.0
Puttalam,forecast,27.58,78,1010,2.78,2026-03-30 20:30:00,1.0,20,30,3,29.36,30.54,30.4,72.0,1007.0
Puttalam,forecast,27.2,81,1010,3.8,2026-03-30 23:30:00,1.0,23,30,3,27.58,29.36,30.54,78.0,1010.0
Puttalam,forecast,27.3,80,1008,3.86,2026-03-31 02:30:00,0.66,2,31,3,27.2,27.58,29.36,81.0,1010.0
Puttalam,forecast,26.84,81,1009,2.59,2026-03-31 05:30:00,0.28,5,31,3,27.3,27.2,27.58,80.0,1008.0
Puttalam,forecast,27.94,77,1011,3.17,2026-03-31 08:30:00,0.0,8,31,3,26.84,27.3,27.2,81.0,1009.0
Puttalam,forecast,29.79,67,1010,3.16,2026-03-31 11:30:00,0.0,11,31,3,27.94,26.84,27.3,77.0,1011.0
Puttalam,forecast,29.79,68,1007,6.29,2026-03-31 14:30:00,0.0,14,31,3,29.79,27.94,26.84,67.0,1010.0
Puttalam,forecast,29.11,71,1006,5.41,2026-03-31 17:30:00,0.0,17,31,3,29.79,29.79,27.94,68.0,1007.0
Puttalam,forecast,28.02,75,1009,1.43,2026-03-31 20:30:00,0.27,20,31,3,29.11,29.79,29.79,71.0,1006.0
Puttalam,forecast,27.76,75,1010,1.75,2026-03-31 23:30:00,0.99,23,31,3,28.02,29.11,29.79,75.0,1009.0
Puttalam,forecast,26.57,79,1008,1.89,2026-04-01 02:30:00,0.21,2,1,4,27.76,28.02,29.11,75.0,1010.0
Puttalam,forecast,25.83,83,1009,2.31,2026-04-01 05:30:00,0.2,5,1,4,26.57,27.76,28.02,79.0,1008.0
Puttalam,forecast,27.35,75,1011,2.15,2026-04-01 08:30:00,0.0,8,1,4,25.83,26.57,27.76,83.0,1009.0
Puttalam,forecast,29.82,65,1010,3.45,2026-04-01 11:30:00,0.0,11,1,4,27.35,25.83,26.57,75.0,1011.0
Puttalam,forecast,29.77,66,1007,6.29,2026-04-01 14:30:00,0.0,14,1,4,29.82,27.35,25.83,65.0,1010.0
Puttalam,forecast,28.94,70,1007,5.14,2026-04-01 17:30:00,0.0,17,1,4,29.77,29.82,27.35,66.0,1007.0
Puttalam,forecast,28.04,73,1010,1.28,2026-04-01 20:30:00,0.77,20,1,4,28.94,29.77,29.82,70.0,1007.0
Puttalam,forecast,27.72,75,1010,1.08,2026-04-01 23:30:00,0.97,23,1,4,28.04,28.94,29.77,73.0,1010.0
Puttalam,forecast,26.96,77,1008,1.03,2026-04-02 02:30:00,0.22,2,2,4,27.72,28.04,28.94,75.0,1010.0
Puttalam,forecast,26.72,78,1009,0.81,2026-04-02 05:30:00,0.15,5,2,4,26.96,27.72,28.04,77.0,1008.0
Puttalam,forecast,28.34,71,1011,0.87,2026-04-02 08:30:00,0.17,8,2,4,26.72,26.96,27.72,78.0,1009.0
Puttalam,forecast,29.42,67,1011,3.58,2026-04-02 11:30:00,0.4,11,2,4,28.34,26.72,26.96,71.0,1011.0
Puttalam,forecast,29.65,68,1008,6.27,2026-04-02 14:30:00,0.0,14,2,4,29.42,28.34,26.72,67.0,1011.0
Puttalam,forecast,28.67,71,1008,5.62,2026-04-02 17:30:00,0.0,17,2,4,29.65,29.42,28.34,68.0,1008.0
Puttalam,forecast,28.08,73,1011,2.01,2026-04-02 20:30:00,0.0,20,2,4,28.67,29.65,29.42,71.0,1008.0
Ratnapura,forecast,23.8,98,1010,0.84,2026-03-29 05:30:00,0.0,5,29,3,24.22,24.41,24.61,97.0,1010.0
Ratnapura,forecast,28.13,79,1011,0.55,2026-03-29 08:30:00,0.0,8,29,3,23.8,24.22,24.41,98.0,1010.0
Ratnapura,forecast,33.78,51,1010,2.05,2026-03-29 11:30:00,0.34,11,29,3,28.13,23.8,24.22,79.0,1011.0
Ratnapura,forecast,29.56,69,1007,2.03,2026-03-29 14:30:00,0.92,14,29,3,33.78,28.13,23.8,51.0,1010.0
Ratnapura,forecast,26.87,87,1008,1.3,2026-03-29 17:30:00,1.0,17,29,3,29.56,33.78,28.13,69.0,1007.0
Ratnapura,forecast,24.35,95,1010,0.97,2026-03-29 20:30:00,0.96,20,29,3,26.87,29.56,33.78,87.0,1008.0
Ratnapura,forecast,23.91,96,1011,0.45,2026-03-29 23:30:00,0.89,23,29,3,24.35,26.87,29.56,95.0,1010.0
Ratnapura,forecast,23.34,97,1008,0.7,2026-03-30 02:30:00,0.0,2,30,3,23.91,24.35,26.87,96.0,1011.0
Ratnapura,forecast,22.97,97,1010,1.01,2026-03-30 05:30:00,0.0,5,30,3,23.34,23.91,24.35,97.0,1008.0
Ratnapura,forecast,28.17,76,1012,0.59,2026-03-30 08:30:00,0.0,8,30,3,22.97,23.34,23.91,97.0,1010.0
Ratnapura,forecast,35.25,44,1010,1.24,2026-03-30 11:30:00,0.0,11,30,3,28.17,22.97,23.34,76.0,1012.0
Ratnapura,forecast,34.86,42,1007,2.52,2026-03-30 14:30:00,0.0,14,30,3,35.25,28.17,22.97,44.0,1010.0
Ratnapura,forecast,26.5,87,1009,1.39,2026-03-30 17:30:00,1.0,17,30,3,34.86,35.25,28.17,42.0,1007.0
Ratnapura,forecast,24.33,94,1012,1.21,2026-03-30 20:30:00,0.98,20,30,3,26.5,34.86,35.25,87.0,1009.0
Ratnapura,forecast,23.8,95,1012,0.99,2026-03-30 23:30:00,0.83,23,30,3,24.33,26.5,34.86,94.0,1012.0
Ratnapura,forecast,23.29,95,1009,1.04,2026-03-31 02:30:00,0.0,2,31,3,23.8,24.33,26.5,95.0,1012.0
Ratnapura,forecast,22.9,94,1010,1.2,2026-03-31 05:30:00,0.0,5,31,3,23.29,23.8,24.33,95.0,1009.0
Ratnapura,forecast,27.4,77,1012,0.1,2026-03-31 08:30:00,0.0,8,31,3,22.9,23.29,23.8,94.0,1010.0
Ratnapura,forecast,34.48,46,1010,1.22,2026-03-31 11:30:00,0.0,11,31,3,27.4,22.9,23.29,77.0,1012.0
Ratnapura,forecast,35.14,38,1006,1.62,2026-03-31 14:30:00,0.0,14,31,3,34.48,27.4,22.9,46.0,1010.0
Ratnapura,forecast,26.75,85,1008,1.37,2026-03-31 17:30:00,1.0,17,31,3,35.14,34.48,27.4,38.0,1006.0
Ratnapura,forecast,24.37,94,1011,1.63,2026-03-31 20:30:00,1.0,20,31,3,26.75,35.14,34.48,85.0,1008.0
Ratnapura,forecast,23.86,94,1011,1.32,2026-03-31 23:30:00,0.74,23,31,3,24.37,26.75,35.14,94.0,1011.0
Ratnapura,forecast,23.18,93,1009,1.43,2026-04-01 02:30:00,0.0,2,1,4,23.86,24.37,26.75,94.0,1011.0
Ratnapura,forecast,22.85,92,1010,1.32,2026-04-01 05:30:00,0.0,5,1,4,23.18,23.86,24.37,93.0,1009.0
Ratnapura,forecast,28.24,71,1012,0.63,2026-04-01 08:30:00,0.0,8,1,4,22.85,23.18,23.86,92.0,1010.0
Ratnapura,forecast,34.81,44,1010,0.58,2026-04-01 11:30:00,0.0,11,1,4,28.24,22.85,23.18,71.0,1012.0
Ratnapura,forecast,33.91,44,1006,1.95,2026-04-01 14:30:00,0.0,14,1,4,34.81,28.24,22.85,44.0,1010.0
Ratnapura,forecast,27.27,83,1008,1.46,2026-04-01 17:30:00,1.0,17,1,4,33.91,34.81,28.24,44.0,1006.0
Ratnapura,forecast,24.4,94,1011,1.5,2026-04-01 20:30:00,1.0,20,1,4,27.27,33.91,34.81,83.0,1008.0
Ratnapura,forecast,23.61,94,1011,1.53,2026-04-01 23:30:00,0.8,23,1,4,24.4,27.27,33.91,94.0,1011.0
Ratnapura,forecast,22.85,93,1009,1.55,2026-04-02 02:30:00,0.0,2,2,4,23.61,24.4,27.27,94.0,1011.0
Ratnapura,forecast,22.23,92,1010,1.72,2026-04-02 05:30:00,0.0,5,2,4,22.85,23.61,24.4,93.0,1009.0
Ratnapura,forecast,27.6,68,1012,0.95,2026-04-02 08:30:00,0.0,8,2,4,22.23,22.85,23.61,92.0,1010.0
Ratnapura,forecast,34.83,41,1011,0.75,2026-04-02 11:30:00,0.0,11,2,4,27.6,22.23,22.85,68.0,1012.0
Ratnapura,forecast,36.31,26,1007,1.53,2026-04-02 14:30:00,0.0,14,2,4,34.83,27.6,22.23,41.0,1011.0
Ratnapura,forecast,29.14,58,1009,2.19,2026-04-02 17:30:00,0.0,17,2,4,36.31,34.83,27.6,26.0,1007.0
Ratnapura,forecast,24.19,75,1012,1.41,2026-04-02 20:30:00,0.0,20,2,4,29.14,36.31,34.83,58.0,1009.0
Trincomalee,forecast,25.11,82,1009,2.93,2026-03-29 05:30:00,0.0,5,29,3,25.71,26.02,26.36,79.0,1009.0
Trincomalee,forecast,27.02,75,1011,3.0,2026-03-29 08:30:00,0.0,8,29,3,25.11,25.71,26.02,82.0,1009.0
Trincomalee,forecast,29.81,65,1009,4.55,2026-03-29 11:30:00,0.0,11,29,3,27.02,25.11,25.71,75.0,1011.0
Trincomalee,forecast,29.43,70,1006,7.76,2026-03-29 14:30:00,0.0,14,29,3,29.81,27.02,25.11,65.0,1009.0
Trincomalee,forecast,28.19,77,1006,6.11,2026-03-29 17:30:00,0.0,17,29,3,29.43,29.81,27.02,70.0,1006.0
Trincomalee,forecast,27.14,81,1009,3.43,2026-03-29 20:30:00,0.0,20,29,3,28.19,29.43,29.81,77.0,1006.0
Trincomalee,forecast,26.5,84,1009,3.49,2026-03-29 23:30:00,0.0,23,29,3,27.14,28.19,29.43,81.0,1009.0
Trincomalee,forecast,25.78,86,1007,2.58,2026-03-30 02:30:00,0.0,2,30,3,26.5,27.14,28.19,84.0,1009.0
Trincomalee,forecast,25.56,88,1008,2.51,2026-03-30 05:30:00,0.0,5,30,3,25.78,26.5,27.14,86.0,1007.0
Trincomalee,forecast,28.32,74,1011,1.99,2026-03-30 08:30:00,0.2,8,30,3,25.56,25.78,26.5,88.0,1008.0
Trincomalee,forecast,29.48,67,1010,5.44,2026-03-30 11:30:00,0.0,11,30,3,28.32,25.56,25.78,74.0,1011.0
Trincomalee,forecast,29.3,69,1007,6.71,2026-03-30 14:30:00,0.0,14,30,3,29.48,28.32,25.56,67.0,1010.0
Trincomalee,forecast,28.15,77,1007,6.31,2026-03-30 17:30:00,0.0,17,30,3,29.3,29.48,28.32,69.0,1007.0
Trincomalee,forecast,27.14,81,1010,3.58,2026-03-30 20:30:00,0.05,20,30,3,28.15,29.3,29.48,77.0,1007.0
Trincomalee,forecast,26.38,84,1010,3.94,2026-03-30 23:30:00,0.21,23,30,3,27.14,28.15,29.3,81.0,1010.0
Trincomalee,forecast,25.73,86,1008,3.55,2026-03-31 02:30:00,0.0,2,31,3,26.38,27.14,28.15,84.0,1010.0
Trincomalee,forecast,25.0,88,1009,3.24,2026-03-31 05:30:00,0.2,5,31,3,25.73,26.38,27.14,86.0,1008.0
Trincomalee,forecast,27.28,75,1011,1.14,2026-03-31 08:30:00,0.0,8,31,3,25.0,25.73,26.38,88.0,1009.0
Trincomalee,forecast,29.11,69,1010,4.96,2026-03-31 11:30:00,0.0,11,31,3,27.28,25.0,25.73,75.0,1011.0
Trincomalee,forecast,28.93,71,1007,6.05,2026-03-31 14:30:00,0.0,14,31,3,29.11,27.28,25.0,69.0,1010.0
Trincomalee,forecast,27.78,77,1007,5.37,2026-03-31 17:30:00,0.0,17,31,3,28.93,29.11,27.28,71.0,1007.0
Trincomalee,forecast,26.9,80,1010,3.53,2026-03-31 20:30:00,0.0,20,31,3,27.78,28.93,29.11,77.0,1007.0
Trincomalee,forecast,26.4,79,1010,3.87,2026-03-31 23:30:00,0.0,23,31,3,26.9,27.78,28.93,80.0,1010.0
Trincomalee,forecast,26.31,75,1008,3.64,2026-04-01 02:30:00,0.0,2,1,4,26.4,26.9,27.78,79.0,1010.0
Trincomalee,forecast,25.75,75,1009,2.25,2026-04-01 05:30:00,0.0,5,1,4,26.31,26.4,26.9,75.0,1008.0
Trincomalee,forecast,27.77,65,1011,2.56,2026-04-01 08:30:00,0.0,8,1,4,25.75,26.31,26.4,75.0,1009.0
Trincomalee,forecast,29.14,61,1010,5.13,2026-04-01 11:30:00,0.0,11,1,4,27.77,25.75,26.31,65.0,1011.0
Trincomalee,forecast,28.66,63,1007,5.8,2026-04-01 14:30:00,0.0,14,1,4,29.14,27.77,25.75,61.0,1010.0
Trincomalee,forecast,27.79,64,1007,5.92,2026-04-01 17:30:00,0.0,17,1,4,28.66,29.14,27.77,63.0,1007.0
Trincomalee,forecast,26.87,64,1010,3.79,2026-04-01 20:30:00,0.0,20,1,4,27.79,28.66,29.14,64.0,1007.0
Trincomalee,forecast,25.79,68,1010,4.39,2026-04-01 23:30:00,0.0,23,1,4,26.87,27.79,28.66,64.0,1010.0
Trincomalee,forecast,24.63,73,1009,4.11,2026-04-02 02:30:00,0.0,2,2,4,25.79,26.87,27.79,68.0,1010.0
Trincomalee,forecast,24.18,74,1010,3.67,2026-04-02 05:30:00,0.0,5,2,4,24.63,25.79,26.87,73.0,1009.0
Trincomalee,forecast,26.41,64,1012,3.58,2026-04-02 08:30:00,0.0,8,2,4,24.18,24.63,25.79,74.0,1010.0
Trincomalee,forecast,29.7,50,1011,4.73,2026-04-02 11:30:00,0.0,11,2,4,26.41,24.18,24.63,64.0,1012.0
Trincomalee,forecast,29.06,54,1008,6.75,2026-04-02 14:30:00,0.0,14,2,4,29.7,26.41,24.18,50.0,1011.0
Trincomalee,forecast,28.03,59,1008,6.91,2026-04-02 17:30:00,0.0,17,2,4,29.06,29.7,26.41,54.0,1008.0
Trincomalee,forecast,26.47,64,1011,3.0,2026-04-02 20:30:00,0.0,20,2,4,28.03,29.06,29.7,59.0,1008.0
Vavuniya,forecast,22.67,90,1009,0.97,2026-03-29 05:30:00,0.0,5,29,3,23.26,23.49,23.71,87.0,1009.0
Vavuniya,forecast,28.93,66,1011,1.45,2026-03-29 08:30:00,0.0,8,29,3,22.67,23.26,23.49,90.0,1009.0
Vavuniya,forecast,36.67,33,1009,1.56,2026-03-29 11:30:00,0.0,11,29,3,28.93,22.67,23.26,66.0,1011.0
Vavuniya,forecast,39.9,22,1004,0.91,2026-03-29 14:30:00,0.0,14,29,3,36.67,28.93,22.67,33.0,1009.0
Vavuniya,forecast,31.23,54,1006,1.58,2026-03-29 17:30:00,0.0,17,29,3,39.9,36.67,28.93,22.0,1004.0
Vavuniya,forecast,25.8,81,1009,1.27,2026-03-29 20:30:00,0.0,20,29,3,31.23,39.9,36.67,54.0,1006.0
Vavuniya,forecast,24.38,92,1010,1.17,2026-03-29 23:30:00,0.0,23,29,3,25.8,31.23,39.9,81.0,1009.0
Vavuniya,forecast,23.51,96,1007,1.34,2026-03-30 02:30:00,0.0,2,30,3,24.38,25.8,31.23,92.0,1010.0
Vavuniya,forecast,22.76,98,1009,1.17,2026-03-30 05:30:00,0.0,5,30,3,23.51,24.38,25.8,96.0,1007.0
Vavuniya,forecast,28.96,66,1011,1.44,2026-03-30 08:30:00,0.0,8,30,3,22.76,23.51,24.38,98.0,1009.0
Vavuniya,forecast,36.7,32,1009,1.52,2026-03-30 11:30:00,0.0,11,30,3,28.96,22.76,23.51,66.0,1011.0
Vavuniya,forecast,40.13,21,1005,0.8,2026-03-30 14:30:00,0.0,14,30,3,36.7,28.96,22.76,32.0,1009.0
Vavuniya,forecast,30.35,59,1007,2.07,2026-03-30 17:30:00,0.2,17,30,3,40.13,36.7,28.96,21.0,1005.0
Vavuniya,forecast,25.04,87,1010,0.97,2026-03-30 20:30:00,0.83,20,30,3,30.35,40.13,36.7,59.0,1007.0
Vavuniya,forecast,23.98,95,1011,1.32,2026-03-30 23:30:00,0.6,23,30,3,25.04,30.35,40.13,87.0,1010.0
Vavuniya,forecast,23.28,96,1009,1.17,2026-03-31 02:30:00,0.0,2,31,3,23.98,25.04,30.35,95.0,1011.0
Vavuniya,forecast,23.33,93,1010,0.74,2026-03-31 05:30:00,0.0,5,31,3,23.28,23.98,25.04,96.0,1009.0
Vavuniya,forecast,28.44,68,1011,0.73,2026-03-31 08:30:00,0.0,8,31,3,23.33,23.28,23.98,93.0,1010.0
Vavuniya,forecast,37.69,31,1010,0.12,2026-03-31 11:30:00,0.0,11,31,3,28.44,23.33,23.28,68.0,1011.0
Vavuniya,forecast,38.79,23,1005,1.2,2026-03-31 14:30:00,0.0,14,31,3,37.69,28.44,23.33,31.0,1010.0
Vavuniya,forecast,31.91,48,1006,1.82,2026-03-31 17:30:00,0.0,17,31,3,38.79,37.69,28.44,23.0,1005.0
Vavuniya,forecast,25.59,80,1010,2.08,2026-03-31 20:30:00,0.1,20,31,3,31.91,38.79,37.69,48.0,1006.0
Vavuniya,forecast,24.02,91,1011,1.83,2026-03-31 23:30:00,0.0,23,31,3,25.59,31.91,38.79,80.0,1010.0
Vavuniya,forecast,22.79,97,1009,1.3,2026-04-01 02:30:00,0.0,2,1,4,24.02,25.59,31.91,91.0,1011.0
Vavuniya,forecast,22.18,97,1009,1.43,2026-04-01 05:30:00,0.0,5,1,4,22.79,24.02,25.59,97.0,1009.0
Vavuniya,forecast,28.47,64,1011,2.28,2026-04-01 08:30:00,0.0,8,1,4,22.18,22.79,24.02,97.0,1009.0
Vavuniya,forecast,36.85,28,1009,1.41,2026-04-01 11:30:00,0.0,11,1,4,28.47,22.18,22.79,64.0,1011.0
Vavuniya,forecast,38.75,20,1005,1.74,2026-04-01 14:30:00,0.0,14,1,4,36.85,28.47,22.18,28.0,1009.0
Vavuniya,forecast,31.6,44,1007,2.14,2026-04-01 17:30:00,0.0,17,1,4,38.75,36.85,28.47,20.0,1005.0
Vavuniya,forecast,24.99,67,1010,1.91,2026-04-01 20:30:00,0.02,20,1,4,31.6,38.75,36.85,44.0,1007.0
Vavuniya,forecast,22.93,78,1011,1.71,2026-04-01 23:30:00,0.0,23,1,4,24.99,31.6,38.75,67.0,1010.0
Vavuniya,forecast,22.18,81,1009,1.42,2026-04-02 02:30:00,0.0,2,2,4,22.93,24.99,31.6,78.0,1011.0
Vavuniya,forecast,21.88,78,1010,1.49,2026-04-02 05:30:00,0.0,5,2,4,22.18,22.93,24.99,81.0,1009.0
Vavuniya,forecast,27.24,62,1012,1.56,2026-04-02 08:30:00,0.0,8,2,4,21.88,22.18,22.93,78.0,1010.0
Vavuniya,forecast,35.17,38,1010,1.21,2026-04-02 11:30:00,0.0,11,2,4,27.24,21.88,22.18,62.0,1012.0
Vavuniya,forecast,39.27,22,1006,0.48,2026-04-02 14:30:00,0.0,14,2,4,35.17,27.24,21.88,38.0,1010.0
Vavuniya,forecast,30.23,55,1008,2.48,2026-04-02 17:30:00,0.2,17,2,4,39.27,35.17,27.24,22.0,1006.0
Vavuniya,forecast,24.12,70,1011,1.07,2026-04-02 20:30:00,0.03,20,2,4,30.23,39.27,35.17,55.0,1008.0
